Domain,Contact Emails,Email Count,Security Program,Security Contact,Security Platform,Security Rewards
1fit.app,support@1fit.app,1,none,NOT STATED,NOT STATED,NOT STATED
abda.ai,careers@abda.ai|info@abda.ai,2,none,NOT STATED,NOT STATED,NOT STATED
abenex.com,contact@abenex.com|recruitment@abenex.com,2,none,NOT STATED,NOT STATED,NOT STATED
acctual.com,billing@charm.ai|billing@marble.studio|payments@adria.studio,3,none,NOT STATED,NOT STATED,NOT STATED
act.security,info@act.security,1,none,NOT STATED,NOT STATED,NOT STATED
actioneer.com,connect@actioneer.com,1,none,NOT STATED,NOT STATED,NOT STATED
addcomposites.com,info@addcomposites.com,1,none,NOT STATED,NOT STATED,NOT STATED
adenasoft.com,admin@adenasoft.com|info@adenasoft.com,2,none,NOT STATED,NOT STATED,NOT STATED
adgeeks.ge,info@adgeeks.ge,1,none,NOT STATED,NOT STATED,NOT STATED
admiral.digital,hello@admiral.digital,1,none,NOT STATED,NOT STATED,NOT STATED
adntro.com,hello@adntro.com,1,none,NOT STATED,NOT STATED,NOT STATED
airmason.com,hello@airmason.com,1,none,NOT STATED,NOT STATED,NOT STATED
allcurrent.com,sales@allcurrent.com,1,none,NOT STATED,NOT STATED,NOT STATED
allphins.com,contact@allphins.com,1,none,NOT STATED,NOT STATED,NOT STATED
allsolutions.nl,info@allsolutions.nl|sales@allsolutions.nl,2,none,NOT STATED,NOT STATED,NOT STATED
altura.io,info@altura.io,1,none,NOT STATED,NOT STATED,NOT STATED
amcouncil.com.au,info@amcouncil.com.au,1,none,NOT STATED,NOT STATED,NOT STATED
amp.ai,support@amp.ai|support@ampfit.com,2,none,NOT STATED,NOT STATED,NOT STATED
announcekit.app,support@announcekit.app,1,none,NOT STATED,NOT STATED,NOT STATED
apanshin.ru,hr@apanshin.ru|sales@apanshin.ru,2,none,NOT STATED,NOT STATED,NOT STATED
appbooster.com,hello@appbooster.com,1,none,NOT STATED,NOT STATED,NOT STATED
appworkco.com,press@appworkco.com|sales@appworkco.com|support@appworkco.com,3,none,NOT STATED,NOT STATED,NOT STATED
aption.com,contact@aption.com,1,none,NOT STATED,NOT STATED,NOT STATED
arch2order.com,hello@arch2order.com,1,none,NOT STATED,NOT STATED,NOT STATED
arkoselabs.com,partners@arkoselabs.com|press@arkoselabs.com,2,none,NOT STATED,NOT STATED,NOT STATED
askattest.com,press@askattest.com,1,none,NOT STATED,NOT STATED,NOT STATED
asora.com,careers@asora.com|info@asora.com,2,none,NOT STATED,NOT STATED,NOT STATED
assetlab.ca,contact@assetlab.ca,1,none,NOT STATED,NOT STATED,NOT STATED
atgfw.com,info@atgfw.com,1,none,NOT STATED,NOT STATED,NOT STATED
axi.com,success@axi.com,1,none,NOT STATED,NOT STATED,NOT STATED
bacto.bio,info@bacto.bio,1,none,NOT STATED,NOT STATED,NOT STATED
banffadvisors.com,contact@banffadvisors.com,1,none,NOT STATED,NOT STATED,NOT STATED
bedthreads.com.au,hello@bedthreads.com.au,1,none,NOT STATED,NOT STATED,NOT STATED
belform.de,careers@belform.de|info@belform.de,2,none,NOT STATED,NOT STATED,NOT STATED
bhhc.com,billing@bhhomestate.com|customercare@bhhc.com,2,none,NOT STATED,NOT STATED,NOT STATED
billclap.com,help@billclap.com|support@billclap.com,2,none,NOT STATED,NOT STATED,NOT STATED
billionverify.com,partners@billionverify.com|support@billionverify.com,2,none,NOT STATED,NOT STATED,NOT STATED
blast.security,careers@blast.security,1,none,NOT STATED,NOT STATED,NOT STATED
blueshoe.com,support@blueshoe.com,1,none,NOT STATED,NOT STATED,NOT STATED
bsteuern.com,hello@bsteuern.com|info@stbk-berlin.de,2,none,NOT STATED,NOT STATED,NOT STATED
buildwithtrace.com,hello@buildwithtrace.com,1,none,NOT STATED,NOT STATED,NOT STATED
bundledocs.com,careers@bundledocs.com|compliance@bundledocs.com|info@bundledocs.com|sales@bundledocs.com|support@bundledocs.com,5,none,NOT STATED,NOT STATED,NOT STATED
buymeacoffee.com,support@buymeacoffee.com,1,none,NOT STATED,NOT STATED,NOT STATED
capcade.com,sales@capcade.com,1,none,NOT STATED,NOT STATED,NOT STATED
capta.co,info@capta.co,1,none,NOT STATED,NOT STATED,NOT STATED
causematch.com,hello@causematch.com|support@causematch.com,2,none,NOT STATED,NOT STATED,NOT STATED
cfstinson.com,customerservice@anzea.com|customerservice@cfstinson.com|inquiries@arc-com.com,3,none,NOT STATED,NOT STATED,NOT STATED
charthop.com,press@charthop.com|support@charthop.com,2,none,NOT STATED,NOT STATED,NOT STATED
chidoanh.com,info@chidoanh.com,1,none,NOT STATED,NOT STATED,NOT STATED
chroniclehq.com,partners@chroniclehq.com,1,none,NOT STATED,NOT STATED,NOT STATED
chyeon.com,contact@chyeon.com,1,none,NOT STATED,NOT STATED,NOT STATED
citsolutions.net,info@citsolutions.net|sales@citsolutions.net|success@citsolutions.net|support@citsolutions.net,4,none,NOT STATED,NOT STATED,NOT STATED
clearesult.com,media@clearesult.com,1,none,NOT STATED,NOT STATED,NOT STATED
clearpointstrategy.com,info@clearpointstrategy.com,1,none,NOT STATED,NOT STATED,NOT STATED
clouddrove.com,hello@clouddrove.com,1,none,NOT STATED,NOT STATED,NOT STATED
cloverly.com,hello@cloverly.com|sales@cloverly.com|support@cloverly.com,3,none,NOT STATED,NOT STATED,NOT STATED
compelling.ai,support@compelling.ai,1,none,NOT STATED,NOT STATED,NOT STATED
comundo.io,hello@comundo.io|support@comundo.io,2,none,NOT STATED,NOT STATED,NOT STATED
coraly.ai,support@coraly.ai,1,none,NOT STATED,NOT STATED,NOT STATED
creatio.ch,info@creatio.ch,1,none,NOT STATED,NOT STATED,NOT STATED
creatorland.com,info@creatorland.com|support@creatorland.com,2,none,NOT STATED,NOT STATED,NOT STATED
cuttable.com,hello@cuttable.com|sales@cuttable.com|support@cuttable.com|team@cuttable.com,4,none,NOT STATED,NOT STATED,NOT STATED
cybermindr.com,info@cybermindr.com,1,none,NOT STATED,NOT STATED,NOT STATED
dabbel.eu,info@dabbel.eu,1,none,NOT STATED,NOT STATED,NOT STATED
datalastic.com,support@datalastic.com,1,none,NOT STATED,NOT STATED,NOT STATED
deako.com,press@deako.com|sales@deako.com|support@deako.com,3,none,NOT STATED,NOT STATED,NOT STATED
dealground.com,info@dealground.com,1,none,NOT STATED,NOT STATED,NOT STATED
deconcern.nl,info@deconcern.nl,1,none,NOT STATED,NOT STATED,NOT STATED
defillama.com,support@defillama.com,1,none,NOT STATED,NOT STATED,NOT STATED
dhtech.com,info@mysite.com|sales@dhtech.com,2,none,NOT STATED,NOT STATED,NOT STATED
didit.me,hello@didit.me,1,none,NOT STATED,NOT STATED,NOT STATED
digiteka.com,info@digiteka.com,1,none,NOT STATED,NOT STATED,NOT STATED
dnsolutions.com,support@dnsolutions.com,1,none,NOT STATED,NOT STATED,NOT STATED
docue.com,support@docue.com,1,none,NOT STATED,NOT STATED,NOT STATED
dowgo.com,contact@dowgo.com|dpo@dowgo.com,2,none,NOT STATED,NOT STATED,NOT STATED
dreamsetgo.com,careers@dreamsetgo.com,1,none,NOT STATED,NOT STATED,NOT STATED
drivepoint.ai,info@drivepoint.io,1,none,NOT STATED,NOT STATED,NOT STATED
drmgroup.com,info@ditap.fi|info@drmgroup.com|info@filtration.be|info@gtcegypt.net|sales@kslteknik.com,5,none,NOT STATED,NOT STATED,NOT STATED
ebhoom.com,info@ebhoom.com,1,none,NOT STATED,NOT STATED,NOT STATED
edrone.me,hello@edrone.me,1,none,NOT STATED,NOT STATED,NOT STATED
efuneral.com,help@efuneral.com,1,none,NOT STATED,NOT STATED,NOT STATED
eightx.co,contact@eightx.co,1,none,NOT STATED,NOT STATED,NOT STATED
elements.tv,info@elements.tv,1,none,NOT STATED,NOT STATED,NOT STATED
elevatusit.com,sales@elevatusit.com,1,none,NOT STATED,NOT STATED,NOT STATED
emergent.sh,privacy@emergent.sh|support@emergent.sh,2,none,NOT STATED,NOT STATED,NOT STATED
empowerbh.com,info@empowerbh.com,1,none,NOT STATED,NOT STATED,NOT STATED
erpswiss.com,info@erpswiss.com,1,none,NOT STATED,NOT STATED,NOT STATED
esub.com,contact@esub.com,1,none,NOT STATED,NOT STATED,NOT STATED
eventora.com,privacy@eventora.com|support@eventora.com,2,none,NOT STATED,NOT STATED,NOT STATED
eventrise.com,support@eventrise.com,1,none,NOT STATED,NOT STATED,NOT STATED
eveoy.com,sales@eveoy.com|support@eveoy.com,2,none,NOT STATED,NOT STATED,NOT STATED
everstage.com,care@everstage.com|press@everstage.com|support@everstage.com,3,none,NOT STATED,NOT STATED,NOT STATED
exa22.com,info@exa22.com|sales@exa22.com|support@exa22.com,3,none,NOT STATED,NOT STATED,NOT STATED
expedite.now,support@expedite.now,1,none,NOT STATED,NOT STATED,NOT STATED
extole.com,hello@extole.com|support@extole.com,2,none,NOT STATED,NOT STATED,NOT STATED
ezeep.com,info@thinprint.com,1,none,NOT STATED,NOT STATED,NOT STATED
factors.ai,sales@factors.ai,1,none,NOT STATED,NOT STATED,NOT STATED
finaloop.com,hello@finaloop.com|support@finaloop.com,2,none,NOT STATED,NOT STATED,NOT STATED
finalto.com,Sales@finalto.com|privacy@finalto.com,2,none,NOT STATED,NOT STATED,NOT STATED
finbaze.com,info@finbaze.com,1,none,NOT STATED,NOT STATED,NOT STATED
firecrawl.dev,help@firecrawl.com,1,none,NOT STATED,NOT STATED,NOT STATED
flagsmith.com,info@flagsmith.com,1,none,NOT STATED,NOT STATED,NOT STATED
flair.co,careers@flair.co|media@flair.co|sales@flair.co|support@flair.co,4,none,NOT STATED,NOT STATED,NOT STATED
flameanalytics.com,hello@flameanalytics.com,1,none,NOT STATED,NOT STATED,NOT STATED
floqer.com,hello@floqer.com,1,none,NOT STATED,NOT STATED,NOT STATED
flowaccount.com,billing@flowaccount.com|support@flowaccount.com,2,none,NOT STATED,NOT STATED,NOT STATED
folloze.com,support@folloze.com,1,none,NOT STATED,NOT STATED,NOT STATED
forio.com,jobs@forio.com|sales@forio.com,2,none,NOT STATED,NOT STATED,NOT STATED
formedideas.com,support@formedideas.com,1,none,NOT STATED,NOT STATED,NOT STATED
foundernest.com,customersuccess@foundernest.com,1,none,NOT STATED,NOT STATED,NOT STATED
fullcodemedical.com,sales@fullcodedev.wpengine.com|sales@fullcodemedical.com|support@fullcodemedical.com,3,none,NOT STATED,NOT STATED,NOT STATED
fundin.ai,info@fundin.ai,1,none,NOT STATED,NOT STATED,NOT STATED
fusionspan.com,info@fusionSpan.com|info@fusionspan.com,2,none,NOT STATED,NOT STATED,NOT STATED
genvid.com,press@genvid.com|support@genvid.com,2,none,NOT STATED,NOT STATED,NOT STATED
geogenie.ai,sales@geogenie.ai,1,none,NOT STATED,NOT STATED,NOT STATED
getaccept.com,finance@getaccept.com|hello@getaccept.com|jobs@getaccept.com|support@getaccept.com,4,none,NOT STATED,NOT STATED,NOT STATED
getbuddi.ai,hello@getbuddi.ai,1,none,NOT STATED,NOT STATED,NOT STATED
getnylo.com,contact@getnylo.com|hello@getnylo.com,2,none,NOT STATED,NOT STATED,NOT STATED
giscloud.com,sales@giscloud.com,1,none,NOT STATED,NOT STATED,NOT STATED
gitguardian.com,support@gitguardian.com,1,none,NOT STATED,NOT STATED,NOT STATED
givebutter.com,press@givebutter.com|support@givebutter.com,2,none,NOT STATED,NOT STATED,NOT STATED
gns-cpas.com,info@gns-cpas.com,1,none,NOT STATED,NOT STATED,NOT STATED
gohubsteel.com,jobs@gohubsteel.com,1,none,NOT STATED,NOT STATED,NOT STATED
govspend.com,media@govspend.com|support@govspend.com,2,none,NOT STATED,NOT STATED,NOT STATED
greenbridge.ai,contact@greenbridge.ai,1,none,NOT STATED,NOT STATED,NOT STATED
gridlex.com,hr@gridlex.com,1,none,NOT STATED,NOT STATED,NOT STATED
growth99.com,sales@growth99.com|support@growth99.com,2,none,NOT STATED,NOT STATED,NOT STATED
helfinch.com,care@eshopbox.com|media@helfinch.com|support@helfinch.com,3,none,NOT STATED,NOT STATED,NOT STATED
heynox.com,team@heynox.com,1,none,NOT STATED,NOT STATED,NOT STATED
hightideinc.com,info@hightideinc.com,1,none,NOT STATED,NOT STATED,NOT STATED
hirequotient.com,info@hirequotient.com,1,none,NOT STATED,NOT STATED,NOT STATED
histellar.com,connect@hiStellar.com|connect@histellar.com,2,none,NOT STATED,NOT STATED,NOT STATED
honcho.com.au,media@honcho.com|support@honcho.com,2,none,NOT STATED,NOT STATED,NOT STATED
humanagement.io,support@humanagement.io,1,none,NOT STATED,NOT STATED,NOT STATED
hy.digital,hello@hy-digital.com,1,none,NOT STATED,NOT STATED,NOT STATED
hyprmx.com,info@hyprmx.com,1,none,NOT STATED,NOT STATED,NOT STATED
hyre.io,hello@hyre.ai,1,none,NOT STATED,NOT STATED,NOT STATED
immocloud.de,info@immocloud.de|support@immocloud.de,2,none,NOT STATED,NOT STATED,NOT STATED
implisense.com,info@implisense.com,1,none,NOT STATED,NOT STATED,NOT STATED
impossible.io,hello@impossible.io,1,none,NOT STATED,NOT STATED,NOT STATED
incapto.com,hello@incapto.com,1,none,NOT STATED,NOT STATED,NOT STATED
industrialinfo.com,customerservice@industrialinfo.com|info@industrialinfo.eu,2,none,NOT STATED,NOT STATED,NOT STATED
ingeno.ca,info@ingeno.ca,1,none,NOT STATED,NOT STATED,NOT STATED
intelas.com,contact@intelas.com,1,none,NOT STATED,NOT STATED,NOT STATED
interfacefinancial.com,info@interfacefinancial.com,1,none,NOT STATED,NOT STATED,NOT STATED
invoicexpress.com,support@invoicexpress.com,1,none,NOT STATED,NOT STATED,NOT STATED
jordigarcia.es,info@libertas.capital,1,none,NOT STATED,NOT STATED,NOT STATED
jtkmarketing.com,info@jtkmarketing.com,1,none,NOT STATED,NOT STATED,NOT STATED
kenai.app,careers@kenai.co.za|info@kenai.co.za,2,none,NOT STATED,NOT STATED,NOT STATED
khatoco.com,info@khatoco.vn,1,none,NOT STATED,NOT STATED,NOT STATED
kilde.sg,media@kilde.sg|sales@kilde.sg,2,none,NOT STATED,NOT STATED,NOT STATED
klealegal.com,info@klealegal.com|privacy@quantios.com,2,none,NOT STATED,NOT STATED,NOT STATED
komodor.com,support@komodor.com,1,none,NOT STATED,NOT STATED,NOT STATED
korl.co,support@korl.ai,1,none,NOT STATED,NOT STATED,NOT STATED
latitude.sh,legal@latitude.sh|sales@latitude.sh,2,none,NOT STATED,NOT STATED,NOT STATED
leadiq.com,sales@leadiq.com|support@leadiq.com,2,none,NOT STATED,NOT STATED,NOT STATED
leadrat.com,hr@leadrat.com|support@leadrat.com,2,none,NOT STATED,NOT STATED,NOT STATED
leandata.com,contact@leandata.com|media@leandata.com|partners@leandata.com,3,none,NOT STATED,NOT STATED,NOT STATED
ledsone.co.uk,admin@ledsone.de|admin@ledsone.fr|info@ledsone.nl|info@ledsone.us|sales@ledsone.co.uk,5,none,NOT STATED,NOT STATED,NOT STATED
leftbrain.io,help@leftbrain.io,1,none,NOT STATED,NOT STATED,NOT STATED
lendingspot.net,info@lendingspot.net,1,none,NOT STATED,NOT STATED,NOT STATED
letstok.com,contact@letstok.com,1,none,NOT STATED,NOT STATED,NOT STATED
lettrlabs.com,info@LettrLabs.com|info@lettrlabs.com,2,none,NOT STATED,NOT STATED,NOT STATED
lezzoo.com,info@lezzoo.com,1,none,NOT STATED,NOT STATED,NOT STATED
libris.ro,contact@libris.ro,1,none,NOT STATED,NOT STATED,NOT STATED
lifesight.io,recruitment@lifesight.io|sales@lifesight.io|support@lifesight.io,3,none,NOT STATED,NOT STATED,NOT STATED
lightbringer.com,hello@lightbringer.com|hello@lightbringer.io,2,none,NOT STATED,NOT STATED,NOT STATED
linguado.com,jobs@linguado.com|support@linguado.com,2,none,NOT STATED,NOT STATED,NOT STATED
londonserenity.com,careers@londonserenity.com,1,none,NOT STATED,NOT STATED,NOT STATED
lottiefiles.com,press@lottiefiles.com,1,none,NOT STATED,NOT STATED,NOT STATED
lotto-niedersachsen.de,info@lotto-niedersachsen.de,1,none,NOT STATED,NOT STATED,NOT STATED
ls2.io,info@ls2.io|partners@ls2.io,2,none,NOT STATED,NOT STATED,NOT STATED
luxresearchinc.com,press@luxresearchinc.com,1,none,NOT STATED,NOT STATED,NOT STATED
luxurypresence.com,hello@luxurypresence.com,1,none,NOT STATED,NOT STATED,NOT STATED
magpieiq.com,sales@magpieiq.com,1,none,NOT STATED,NOT STATED,NOT STATED
mailsuite.com,privacy@mailsuite.com,1,none,NOT STATED,NOT STATED,NOT STATED
mainframe.app,help@mainframe.app,1,none,NOT STATED,NOT STATED,NOT STATED
makea.co,support@makea.co,1,none,NOT STATED,NOT STATED,NOT STATED
maple.com,support@maple.com,1,none,NOT STATED,NOT STATED,NOT STATED
marketingminer.com,info@marketingminer.com,1,none,NOT STATED,NOT STATED,NOT STATED
marketlogicsoftware.com,info@marketlogicsoftware.com,1,none,NOT STATED,NOT STATED,NOT STATED
mastheadata.com,team@mastheadata.com,1,none,NOT STATED,NOT STATED,NOT STATED
mcleodsoftware.com,Sales@McLeodSoftware.com,1,none,NOT STATED,NOT STATED,NOT STATED
mclogs.com,sales@mclogs.com,1,none,NOT STATED,NOT STATED,NOT STATED
meethero.ai,contact@vivun.com,1,none,NOT STATED,NOT STATED,NOT STATED
melius.com,careers@melius.com,1,none,NOT STATED,NOT STATED,NOT STATED
mergr.com,support@mergr.com,1,none,NOT STATED,NOT STATED,NOT STATED
merrittadvisory.com,info@merrittadvisory.com,1,none,NOT STATED,NOT STATED,NOT STATED
metergrid.de,info@metergrid.de|sales@metergrid.de,2,none,NOT STATED,NOT STATED,NOT STATED
milenow.com,connect@milenow.com,1,none,NOT STATED,NOT STATED,NOT STATED
miracleplus.com,contact@miracleplus.com|hr@mail.miracleplus.com|press@miracleplus.com|support@miracleplus.com,4,none,NOT STATED,NOT STATED,NOT STATED
mistywest.com,contact@mistywest.com,1,none,NOT STATED,NOT STATED,NOT STATED
modelmatch.com,hello@modelmatch.com,1,none,NOT STATED,NOT STATED,NOT STATED
modrek.ai,Info@modrek.ai,1,none,NOT STATED,NOT STATED,NOT STATED
morepaymentevolution.com,info@morepaymentevolution.com,1,none,NOT STATED,NOT STATED,NOT STATED
movingimage.my,hello@movingimage.my,1,none,NOT STATED,NOT STATED,NOT STATED
mprofit.in,support@mprofit.in,1,none,NOT STATED,NOT STATED,NOT STATED
mtc.co.uk,info@mtc.co.uk,1,none,NOT STATED,NOT STATED,NOT STATED
mycma.com,info@mycma.com,1,none,NOT STATED,NOT STATED,NOT STATED
mynyfy.com,support@mynyfy.com,1,none,NOT STATED,NOT STATED,NOT STATED
myvert.com,info@vertsports.com,1,none,NOT STATED,NOT STATED,NOT STATED
newprojectmedia.com,careers@newprojectmedia.com|help@newprojectmedia.com,2,none,NOT STATED,NOT STATED,NOT STATED
niftypm.com,team@niftypm.com,1,none,NOT STATED,NOT STATED,NOT STATED
nilehq.com,hello@nilehq.com,1,none,NOT STATED,NOT STATED,NOT STATED
nobleblocks.com,info@nobleblocks.com,1,none,NOT STATED,NOT STATED,NOT STATED
northbeam.io,partners@northbeam.io|privacy@northbeam.io|sales@northbeam.io|success@northbeam.io,4,none,NOT STATED,NOT STATED,NOT STATED
northwestregisteredagent.com,support@northwestregisteredagent.com,1,none,NOT STATED,NOT STATED,NOT STATED
ohiolegalhelp.org,info@ohiolegalhelp.org,1,none,NOT STATED,NOT STATED,NOT STATED
onabu.ai,info@onabu.io,1,none,NOT STATED,NOT STATED,NOT STATED
one.bio,hello@one.bio|hello@osmo.supply,2,none,NOT STATED,NOT STATED,NOT STATED
onenewone.com,info@onenewone.com,1,none,NOT STATED,NOT STATED,NOT STATED
openagenda.com,contact@openagenda.com,1,none,NOT STATED,NOT STATED,NOT STATED
openart.ai,support@openart.ai,1,none,NOT STATED,NOT STATED,NOT STATED
opinly.ai,support@opinly.ai,1,none,NOT STATED,NOT STATED,NOT STATED
orionsleep.com,support@orionsleep.com,1,none,NOT STATED,NOT STATED,NOT STATED
ottofrei.com,info@ottofrei.com,1,none,NOT STATED,NOT STATED,NOT STATED
ourritual.com,privacy@ourritual.com|support@ourritual.com,2,none,NOT STATED,NOT STATED,NOT STATED
paapi.ai,dpo@paapi.ai,1,none,NOT STATED,NOT STATED,NOT STATED
panoramaed.com,contact@panoramaed.com|privacy@panoramaed.com|security@panoramaed.com|support@panoramaed.com,4,none,NOT STATED,NOT STATED,NOT STATED
pargesoft.com,info@pargesoft.com,1,none,NOT STATED,NOT STATED,NOT STATED
phylo.bio,careers@phylo.bio|contact@phylo.bio,2,none,NOT STATED,NOT STATED,NOT STATED
pickndropnepal.com,info@pickndropnepal.com,1,none,NOT STATED,NOT STATED,NOT STATED
pics.io,support@pics.io|support@toptechphoto.com,2,none,NOT STATED,NOT STATED,NOT STATED
pillar.security,careers@pillar.security|info@pillar.security|sales@pillar.security|support@pillar.security,4,none,NOT STATED,NOT STATED,NOT STATED
playsuper.ai,business@playsuper.ai,1,none,NOT STATED,NOT STATED,NOT STATED
poltio.com,support@poltio.com,1,none,NOT STATED,NOT STATED,NOT STATED
portal26.ai,info@portal26.ai|info@titaniam.io,2,none,NOT STATED,NOT STATED,NOT STATED
premom.com,press@premom.com|support@premom.com,2,none,NOT STATED,NOT STATED,NOT STATED
privco.com,support@privco.com,1,none,NOT STATED,NOT STATED,NOT STATED
prodoscore.com,support@prodoscore.com,1,none,NOT STATED,NOT STATED,NOT STATED
proemion.com,info@proemion.com,1,none,NOT STATED,NOT STATED,NOT STATED
prosal.com,support@prosal.io,1,none,NOT STATED,NOT STATED,NOT STATED
prosvita.net,support@prosvita.net,1,none,NOT STATED,NOT STATED,NOT STATED
psyke.co,contact@psyke.co|hello@psyke.co,2,none,NOT STATED,NOT STATED,NOT STATED
puzzle.io,careers@puzzle.io|feedback@puzzle.io|help@puzzle.io|support@puzzle.io,4,none,NOT STATED,NOT STATED,NOT STATED
quattr.com,info@quattr.com,1,none,NOT STATED,NOT STATED,NOT STATED
racap.com,media@racap.com,1,none,NOT STATED,NOT STATED,NOT STATED
rankscale.ai,info@rankscale.ai|support@rankscale.ai,2,none,NOT STATED,NOT STATED,NOT STATED
rapidata.ai,info@rapidata.ai,1,none,NOT STATED,NOT STATED,NOT STATED
rayda.co,hello@rayda.co|press@rayda.co|sales@rayda.co,3,none,NOT STATED,NOT STATED,NOT STATED
rdash.ai,hello@rdash.io,1,none,NOT STATED,NOT STATED,NOT STATED
reactordata.com,support@reactordata.com,1,none,NOT STATED,NOT STATED,NOT STATED
reallygoodemails.com,support@reallygoodemails.com,1,none,NOT STATED,NOT STATED,NOT STATED
redonlinemarketing.nl,info@redonlinemarketing.nl,1,none,NOT STATED,NOT STATED,NOT STATED
resend.com,careers@resend.com|onboarding@resend.dev|security@resend.com|support@resend.com,4,none,NOT STATED,NOT STATED,NOT STATED
responsive.dk,info@responsive.dk,1,none,NOT STATED,NOT STATED,NOT STATED
retently.com,sales@retently.com,1,none,NOT STATED,NOT STATED,NOT STATED
revalu.io,hello@revalu.io,1,none,NOT STATED,NOT STATED,NOT STATED
revenium.ai,info@revenium.ai|sales@revenium.io|support@revenium.io,3,none,NOT STATED,NOT STATED,NOT STATED
revido.co,sales@revido.io,1,none,NOT STATED,NOT STATED,NOT STATED
rhombus.com,info@rhombus.com|jobs@rhombus.com|press@rhombus.com|sales@rhombus.com,4,none,NOT STATED,NOT STATED,NOT STATED
rivelinrobotics.com,info@rivelinrobotics.com,1,none,NOT STATED,NOT STATED,NOT STATED
rootline.com,sales@rootline.com|support@rootline.com,2,none,NOT STATED,NOT STATED,NOT STATED
runriviera.com,hello@runriviera.com,1,none,NOT STATED,NOT STATED,NOT STATED
saara.io,business@saara.io|care@saara.io|hr@saara.io|media@saara.io|partners@saara.io,5,none,NOT STATED,NOT STATED,NOT STATED
saasify.ai,info@spektrasystems.com|sales@saasify.ai|support@saasify.ai,3,none,NOT STATED,NOT STATED,NOT STATED
sagareus.com,careers@sagareus.com,1,none,NOT STATED,NOT STATED,NOT STATED
salesmessage.com,support@salesmessage.com,1,none,NOT STATED,NOT STATED,NOT STATED
scannable.io,info@scannable.io|support@scannable.io,2,none,NOT STATED,NOT STATED,NOT STATED
scribe-mail.com,hello@scribe-mail.com,1,none,NOT STATED,NOT STATED,NOT STATED
scrollmark.com,sales@scrollmark.com,1,none,NOT STATED,NOT STATED,NOT STATED
semji.com,contact@semji.com,1,none,NOT STATED,NOT STATED,NOT STATED
senuto.com,support@senuto.com,1,none,NOT STATED,NOT STATED,NOT STATED
signit.sa,partners@signit.sa,1,none,NOT STATED,NOT STATED,NOT STATED
siteimprove.com,press@siteimprove.com,1,none,NOT STATED,NOT STATED,NOT STATED
soon.works,hello@soon.works,1,none,NOT STATED,NOT STATED,NOT STATED
sorellalabs.xyz,contact@sorellalabs.xyz,1,none,NOT STATED,NOT STATED,NOT STATED
spaitial.ai,info@spaitial.ai,1,none,NOT STATED,NOT STATED,NOT STATED
spotai.co,sales@spotai.co,1,none,NOT STATED,NOT STATED,NOT STATED
squaredup.com,recruitment@squaredup.com,1,none,NOT STATED,NOT STATED,NOT STATED
stickybeak.co,support@stickybeak.co,1,none,NOT STATED,NOT STATED,NOT STATED
stockpilereports.com,support@stockpilereports.com,1,none,NOT STATED,NOT STATED,NOT STATED
storeconnect.com,info@storeconnect.com,1,none,NOT STATED,NOT STATED,NOT STATED
superscale.ai,support@superscale.ai,1,none,NOT STATED,NOT STATED,NOT STATED
svgator.com,contact@svgator.com|info@update.es,2,none,NOT STATED,NOT STATED,NOT STATED
swrecovery.com,info@swrecovery.com,1,none,NOT STATED,NOT STATED,NOT STATED
talentsprout.ai,careers@talentsprout.ai|support@talentsprout.ai,2,none,NOT STATED,NOT STATED,NOT STATED
taskray.com,support@taskray.com,1,none,NOT STATED,NOT STATED,NOT STATED
tbobank.com,info@tbobank.com,1,none,NOT STATED,NOT STATED,NOT STATED
textmine.com,sales@textmine.com,1,none,NOT STATED,NOT STATED,NOT STATED
thehog.ai,support@thehog.ai,1,none,NOT STATED,NOT STATED,NOT STATED
thenightsky.com,help@thenightsky.com,1,none,NOT STATED,NOT STATED,NOT STATED
thepilot.in,info@thepilot.in,1,none,NOT STATED,NOT STATED,NOT STATED
threadedmfg.com,support@threadedmfg.com,1,none,NOT STATED,NOT STATED,NOT STATED
tidewatercap.com,info@tidewatercap.com,1,none,NOT STATED,NOT STATED,NOT STATED
tokenoftrust.com,support@tokenoftrust.com,1,none,NOT STATED,NOT STATED,NOT STATED
toss.im,support@toss.im,1,none,NOT STATED,NOT STATED,NOT STATED
transatel.com,dpo@transatel.com,1,none,NOT STATED,NOT STATED,NOT STATED
tripclap.com,help@tripclap.com,1,none,NOT STATED,NOT STATED,NOT STATED
trmlabs.com,contact@trmlabs.com|press@trmlabs.com|privacy@trmlabs.com,3,none,NOT STATED,NOT STATED,NOT STATED
trysmartbite.com,info@trysmartbite.com,1,none,NOT STATED,NOT STATED,NOT STATED
trytemelio.com,contact@trytemelio.com|support@trytemelio.com,2,none,NOT STATED,NOT STATED,NOT STATED
typedesk.com,support@typedesk.com,1,none,NOT STATED,NOT STATED,NOT STATED
ukpropertyaccountants.co.uk,contact@ukpa.co.uk,1,none,NOT STATED,NOT STATED,NOT STATED
unduit.com,help@unduit.com|sales@unduit.com,2,none,NOT STATED,NOT STATED,NOT STATED
unidoors.eu,info@unidoors.eu,1,none,NOT STATED,NOT STATED,NOT STATED
upnova.io,hello@upnova.io|support@upnova.io,2,none,NOT STATED,NOT STATED,NOT STATED
vaibstudio.com,hello@vaibstudio.com,1,none,NOT STATED,NOT STATED,NOT STATED
valenceintel.com,careers@valenceintel.com,1,none,NOT STATED,NOT STATED,NOT STATED
validis.com,info@validis.com,1,none,NOT STATED,NOT STATED,NOT STATED
vanaways.co.uk,careers@vanaways.co.uk|careers@vansalesuk.co.uk,2,none,NOT STATED,NOT STATED,NOT STATED
vfp-consulting.com,info@vfp-consulting.com,1,none,NOT STATED,NOT STATED,NOT STATED
visalaw.ai,info@visalaw.ai|support@vislaw.ai,2,none,NOT STATED,NOT STATED,NOT STATED
vishwa.ai,support@vishwa.ai,1,none,NOT STATED,NOT STATED,NOT STATED
vocci.ai,business@vocci.ai|support@vocci.ai,2,none,NOT STATED,NOT STATED,NOT STATED
voromotors.com,support@voromotors.com,1,none,NOT STATED,NOT STATED,NOT STATED
vyrian.com,sales@vyrian.com,1,none,NOT STATED,NOT STATED,NOT STATED
wellsite.com,support@wellsite.com,1,none,NOT STATED,NOT STATED,NOT STATED
wicom.asia,hr@wicom.asia,1,none,NOT STATED,NOT STATED,NOT STATED
withforerunner.com,hello@withforerunner.com,1,none,NOT STATED,NOT STATED,NOT STATED
withvayu.com,contact@withvayu.com,1,none,NOT STATED,NOT STATED,NOT STATED
workos.com,hello@workos.com,1,none,NOT STATED,NOT STATED,NOT STATED
xano.com,support@xano.com,1,none,NOT STATED,NOT STATED,NOT STATED
yoco.com,legal@yoco.com|press@yoco.com|sales@yoco.com,3,none,NOT STATED,NOT STATED,NOT STATED
zime.ai,support@zime.ai,1,none,NOT STATED,NOT STATED,NOT STATED
zyft.com,info@zyft.com|partnerships@zyft.com,2,none,NOT STATED,NOT STATED,NOT STATED
