domain,source_url,program_type,platform,contact_email,rewards_mentioned,reward_details,scope_summary,notes
fanvue.com,https://fanvue.com,none_found,NOT STATED,NOT STATED,False,NOT STATED,NOT STATED,Extracted via curl + keyword matching
faraday.ai,https://faraday.ai,public_program,HackerOne,NOT STATED,False,NOT STATED,NOT STATED,Extracted via curl + keyword matching
finaloop.com,https://finaloop.com,none_found,NOT STATED,NOT STATED,False,NOT STATED,NOT STATED,Extracted via curl + keyword matching
finalto.com,https://finalto.com,none_found,NOT STATED,NOT STATED,False,NOT STATED,NOT STATED,Extracted via curl + keyword matching
finbaze.com,https://finbaze.com,none_found,NOT STATED,NOT STATED,False,NOT STATED,NOT STATED,Extracted via curl + keyword matching
finhay.com.vn,https://finhay.com.vn,none_found,NOT STATED,NOT STATED,False,NOT STATED,NOT STATED,Extracted via curl + keyword matching
firecrawl.dev,https://firecrawl.dev,none_found,NOT STATED,NOT STATED,False,NOT STATED,NOT STATED,Extracted via curl + keyword matching
firstround.com,https://firstround.com,none_found,NOT STATED,NOT STATED,False,NOT STATED,NOT STATED,Extracted via curl + keyword matching
flagsmith.com,https://flagsmith.com,none_found,NOT STATED,NOT STATED,False,NOT STATED,NOT STATED,Extracted via curl + keyword matching
flair.co,https://flair.co,none_found,NOT STATED,NOT STATED,False,NOT STATED,NOT STATED,Extracted via curl + keyword matching
flameanalytics.com,https://flameanalytics.com,none_found,NOT STATED,NOT STATED,False,NOT STATED,NOT STATED,Extracted via curl + keyword matching
floqer.com,https://floqer.com,none_found,NOT STATED,NOT STATED,False,NOT STATED,NOT STATED,Extracted via curl + keyword matching
flowaccount.com,https://flowaccount.com,none_found,NOT STATED,NOT STATED,False,NOT STATED,NOT STATED,Extracted via curl + keyword matching
folk.app,https://folk.app,none_found,NOT STATED,NOT STATED,False,NOT STATED,NOT STATED,Extracted via curl + keyword matching
folloze.com,https://folloze.com,none_found,NOT STATED,NOT STATED,False,NOT STATED,NOT STATED,Extracted via curl + keyword matching
fore.dev,https://fore.dev,none_found,NOT STATED,NOT STATED,False,NOT STATED,NOT STATED,Extracted via curl + keyword matching
forio.com,https://forio.com,none_found,NOT STATED,NOT STATED,False,NOT STATED,NOT STATED,Extracted via curl + keyword matching
formedideas.com,https://formedideas.com,none_found,NOT STATED,NOT STATED,False,NOT STATED,NOT STATED,Extracted via curl + keyword matching
foundernest.com,https://foundernest.com,none_found,NOT STATED,NOT STATED,False,NOT STATED,NOT STATED,Extracted via curl + keyword matching
frontierdirect.com,https://frontierdirect.com,none_found,NOT STATED,NOT STATED,False,NOT STATED,NOT STATED,Extracted via curl + keyword matching
fullcodemedical.com,https://fullcodemedical.com,none_found,NOT STATED,NOT STATED,False,NOT STATED,NOT STATED,Extracted via curl + keyword matching
fundin.ai,https://fundin.ai,none_found,NOT STATED,NOT STATED,False,NOT STATED,NOT STATED,Extracted via curl + keyword matching
fusionspan.com,https://fusionspan.com,none_found,NOT STATED,NOT STATED,False,NOT STATED,NOT STATED,Extracted via curl + keyword matching
gabster.ai,https://gabster.ai,none_found,NOT STATED,NOT STATED,False,NOT STATED,NOT STATED,Extracted via curl + keyword matching
genvid.com,https://genvid.com,none_found,NOT STATED,NOT STATED,False,NOT STATED,NOT STATED,Extracted via curl + keyword matching
genzdealz.ai,https://genzdealz.ai,none_found,NOT STATED,NOT STATED,False,NOT STATED,NOT STATED,Extracted via curl + keyword matching
geogenie.ai,https://geogenie.ai,none_found,NOT STATED,NOT STATED,False,NOT STATED,NOT STATED,Extracted via curl + keyword matching
getaccept.com,https://getaccept.com,none_found,NOT STATED,NOT STATED,False,NOT STATED,NOT STATED,Extracted via curl + keyword matching
getbuddi.ai,https://getbuddi.ai,none_found,NOT STATED,NOT STATED,False,NOT STATED,NOT STATED,Extracted via curl + keyword matching
getdeck.io,https://getdeck.io,none_found,NOT STATED,NOT STATED,False,NOT STATED,NOT STATED,Extracted via curl + keyword matching
getnylo.com,https://getnylo.com,none_found,NOT STATED,NOT STATED,False,NOT STATED,NOT STATED,Extracted via curl + keyword matching
getridley.com,https://getridley.com,none_found,NOT STATED,NOT STATED,False,NOT STATED,NOT STATED,Extracted via curl + keyword matching
getscalability.io,https://getscalability.io,none_found,NOT STATED,NOT STATED,False,NOT STATED,NOT STATED,Extracted via curl + keyword matching
gimmefylabs.com,https://gimmefylabs.com,none_found,NOT STATED,NOT STATED,False,NOT STATED,NOT STATED,Extracted via curl + keyword matching
giscloud.com,https://giscloud.com,none_found,NOT STATED,NOT STATED,False,NOT STATED,NOT STATED,Extracted via curl + keyword matching
gitguardian.com,https://gitguardian.com,none_found,NOT STATED,NOT STATED,False,NOT STATED,NOT STATED,Extracted via curl + keyword matching
givebutter.com,https://givebutter.com,none_found,NOT STATED,NOT STATED,False,NOT STATED,NOT STATED,Extracted via curl + keyword matching
gladium.ai,https://gladium.ai,none_found,NOT STATED,NOT STATED,False,NOT STATED,NOT STATED,Extracted via curl + keyword matching
glam.ai,https://glam.ai,none_found,NOT STATED,NOT STATED,False,NOT STATED,NOT STATED,Extracted via curl + keyword matching
globaldata.com,https://globaldata.com,none_found,NOT STATED,NOT STATED,False,NOT STATED,NOT STATED,Extracted via curl + keyword matching
gns-cpas.com,https://gns-cpas.com,none_found,NOT STATED,NOT STATED,False,NOT STATED,NOT STATED,Extracted via curl + keyword matching
gohubsteel.com,https://gohubsteel.com,none_found,NOT STATED,NOT STATED,False,NOT STATED,NOT STATED,Extracted via curl + keyword matching
golinks.io,https://golinks.io,none_found,NOT STATED,NOT STATED,False,NOT STATED,NOT STATED,Extracted via curl + keyword matching
goodlawyer.ca,https://goodlawyer.ca,none_found,NOT STATED,NOT STATED,False,NOT STATED,NOT STATED,Extracted via curl + keyword matching
govspend.com,https://govspend.com,none_found,NOT STATED,NOT STATED,False,NOT STATED,NOT STATED,Extracted via curl + keyword matching
graas.ai,https://graas.ai,none_found,NOT STATED,NOT STATED,False,NOT STATED,NOT STATED,Extracted via curl + keyword matching
graneet.fr,https://graneet.fr,none_found,NOT STATED,NOT STATED,False,NOT STATED,NOT STATED,Extracted via curl + keyword matching
greenbridge.ai,https://greenbridge.ai,none_found,NOT STATED,NOT STATED,False,NOT STATED,NOT STATED,Extracted via curl + keyword matching
gridlex.com,https://gridlex.com,none_found,NOT STATED,NOT STATED,False,NOT STATED,NOT STATED,Extracted via curl + keyword matching
grin.co,https://grin.co,responsible_disclosure_only,NOT STATED,NOT STATED,False,NOT STATED,NOT STATED,Extracted via curl + keyword matching
growth99.com,https://growth99.com,none_found,NOT STATED,NOT STATED,False,NOT STATED,NOT STATED,Extracted via curl + keyword matching
grupodecio.com.br,https://grupodecio.com.br,none_found,NOT STATED,NOT STATED,False,NOT STATED,NOT STATED,Extracted via curl + keyword matching
grydd.com,https://grydd.com,none_found,NOT STATED,NOT STATED,False,NOT STATED,NOT STATED,Extracted via curl + keyword matching
guides.co,https://guides.co,none_found,NOT STATED,NOT STATED,False,NOT STATED,NOT STATED,Extracted via curl + keyword matching
hacktron.ai,https://hacktron.ai,responsible_disclosure_only,NOT STATED,NOT STATED,False,NOT STATED,NOT STATED,Extracted via curl + keyword matching
hawky.ai,https://hawky.ai,none_found,NOT STATED,NOT STATED,False,NOT STATED,NOT STATED,Extracted via curl + keyword matching
helfinch.com,https://helfinch.com,none_found,NOT STATED,NOT STATED,False,NOT STATED,NOT STATED,Extracted via curl + keyword matching
heymilo.ai,https://heymilo.ai,none_found,NOT STATED,NOT STATED,False,NOT STATED,NOT STATED,Extracted via curl + keyword matching
heynox.com,https://heynox.com,none_found,NOT STATED,NOT STATED,False,NOT STATED,NOT STATED,Extracted via curl + keyword matching
hightideinc.com,https://hightideinc.com,none_found,NOT STATED,NOT STATED,False,NOT STATED,NOT STATED,Extracted via curl + keyword matching
higoodie.com,https://higoodie.com,none_found,NOT STATED,NOT STATED,False,NOT STATED,NOT STATED,Extracted via curl + keyword matching
hirequotient.com,https://hirequotient.com,none_found,NOT STATED,NOT STATED,False,NOT STATED,NOT STATED,Extracted via curl + keyword matching
histellar.com,https://histellar.com,none_found,NOT STATED,NOT STATED,False,NOT STATED,NOT STATED,Extracted via curl + keyword matching
holded.com,https://holded.com,none_found,NOT STATED,NOT STATED,False,NOT STATED,NOT STATED,Extracted via curl + keyword matching
holdprint.net,https://holdprint.net,none_found,NOT STATED,NOT STATED,False,NOT STATED,NOT STATED,Extracted via curl + keyword matching
homerunner.com,https://homerunner.com,none_found,NOT STATED,NOT STATED,False,NOT STATED,NOT STATED,Extracted via curl + keyword matching
honasa.in,https://honasa.in,none_found,NOT STATED,NOT STATED,False,NOT STATED,NOT STATED,Extracted via curl + keyword matching
honcho.com.au,https://honcho.com.au,none_found,NOT STATED,NOT STATED,False,NOT STATED,NOT STATED,Extracted via curl + keyword matching
hotstuff.trade,https://hotstuff.trade,none_found,NOT STATED,NOT STATED,False,NOT STATED,NOT STATED,Extracted via curl + keyword matching
humanagement.io,https://humanagement.io,none_found,NOT STATED,NOT STATED,False,NOT STATED,NOT STATED,Extracted via curl + keyword matching
hunguesthotels.hu,https://hunguesthotels.hu,none_found,NOT STATED,NOT STATED,False,NOT STATED,NOT STATED,Extracted via curl + keyword matching
hy.digital,https://hy.digital,none_found,NOT STATED,NOT STATED,False,NOT STATED,NOT STATED,Extracted via curl + keyword matching
hyprmx.com,https://hyprmx.com,none_found,NOT STATED,NOT STATED,False,NOT STATED,NOT STATED,Extracted via curl + keyword matching
hyre.io,https://hyre.io,none_found,NOT STATED,NOT STATED,False,NOT STATED,NOT STATED,Extracted via curl + keyword matching
hyundaifuturenet.com,https://hyundaifuturenet.com,none_found,NOT STATED,NOT STATED,False,NOT STATED,NOT STATED,Extracted via curl + keyword matching
ibanfirst.com,https://ibanfirst.com,none_found,NOT STATED,NOT STATED,False,NOT STATED,NOT STATED,Extracted via curl + keyword matching
ifthen.com,https://ifthen.com,none_found,NOT STATED,NOT STATED,False,NOT STATED,NOT STATED,Extracted via curl + keyword matching
immedio.io,https://immedio.io,none_found,NOT STATED,NOT STATED,False,NOT STATED,NOT STATED,Extracted via curl + keyword matching
immocloud.de,https://immocloud.de,none_found,NOT STATED,NOT STATED,False,NOT STATED,NOT STATED,Extracted via curl + keyword matching
implisense.com,https://implisense.com,none_found,NOT STATED,NOT STATED,False,NOT STATED,NOT STATED,Extracted via curl + keyword matching
impossible.io,https://impossible.io,none_found,NOT STATED,NOT STATED,False,NOT STATED,NOT STATED,Extracted via curl + keyword matching
incapto.com,https://incapto.com,none_found,NOT STATED,NOT STATED,False,NOT STATED,NOT STATED,Extracted via curl + keyword matching
industrialinfo.com,https://industrialinfo.com,none_found,NOT STATED,NOT STATED,False,NOT STATED,NOT STATED,Extracted via curl + keyword matching
inflearn.com,https://inflearn.com,none_found,NOT STATED,NOT STATED,False,NOT STATED,NOT STATED,Extracted via curl + keyword matching
influencer.in,https://influencer.in,none_found,NOT STATED,NOT STATED,False,NOT STATED,NOT STATED,Extracted via curl + keyword matching
infolegale.fr,https://infolegale.fr,none_found,NOT STATED,NOT STATED,False,NOT STATED,NOT STATED,Extracted via curl + keyword matching
ingeno.ca,https://ingeno.ca,none_found,NOT STATED,NOT STATED,False,NOT STATED,NOT STATED,Extracted via curl + keyword matching
innovecs.com,https://innovecs.com,none_found,NOT STATED,NOT STATED,False,NOT STATED,NOT STATED,Extracted via curl + keyword matching
insportline.cz,https://insportline.cz,none_found,NOT STATED,NOT STATED,False,NOT STATED,NOT STATED,Extracted via curl + keyword matching
institutomix.com.br,https://institutomix.com.br,none_found,NOT STATED,NOT STATED,False,NOT STATED,NOT STATED,Extracted via curl + keyword matching
intelas.com,https://intelas.com,none_found,NOT STATED,NOT STATED,False,NOT STATED,NOT STATED,Extracted via curl + keyword matching
interceptgroup.com,https://interceptgroup.com,none_found,NOT STATED,NOT STATED,False,NOT STATED,NOT STATED,Extracted via curl + keyword matching
interfacefinancial.com,https://interfacefinancial.com,none_found,NOT STATED,NOT STATED,False,NOT STATED,NOT STATED,Extracted via curl + keyword matching
investorlift.com,https://investorlift.com,none_found,NOT STATED,NOT STATED,False,NOT STATED,NOT STATED,Extracted via curl + keyword matching
invoicexpress.com,https://invoicexpress.com,none_found,NOT STATED,NOT STATED,False,NOT STATED,NOT STATED,Extracted via curl + keyword matching
jamloop.com,https://jamloop.com,none_found,NOT STATED,NOT STATED,False,NOT STATED,NOT STATED,Extracted via curl + keyword matching
jaz.ai,https://jaz.ai,none_found,NOT STATED,NOT STATED,False,NOT STATED,NOT STATED,Extracted via curl + keyword matching
jelou.ai,https://jelou.ai,none_found,NOT STATED,NOT STATED,False,NOT STATED,NOT STATED,Extracted via curl + keyword matching
jiminny.com,https://jiminny.com,none_found,NOT STATED,NOT STATED,False,NOT STATED,NOT STATED,Extracted via curl + keyword matching
jobin.cloud,https://jobin.cloud,none_found,NOT STATED,NOT STATED,False,NOT STATED,NOT STATED,Extracted via curl + keyword matching
jordigarcia.es,https://jordigarcia.es,none_found,NOT STATED,NOT STATED,False,NOT STATED,NOT STATED,Extracted via curl + keyword matching
jtkmarketing.com,https://jtkmarketing.com,none_found,NOT STATED,NOT STATED,False,NOT STATED,NOT STATED,Extracted via curl + keyword matching
juma.ai,https://juma.ai,none_found,NOT STATED,NOT STATED,False,NOT STATED,NOT STATED,Extracted via curl + keyword matching
k9security.io,https://k9security.io,none_found,NOT STATED,NOT STATED,False,NOT STATED,NOT STATED,Extracted via curl + keyword matching
kanna4u.com,https://kanna4u.com,none_found,NOT STATED,NOT STATED,False,NOT STATED,NOT STATED,Extracted via curl + keyword matching
kease.io,https://kease.io,none_found,NOT STATED,NOT STATED,False,NOT STATED,NOT STATED,Extracted via curl + keyword matching
kenai.app,https://kenai.app,none_found,NOT STATED,NOT STATED,False,NOT STATED,NOT STATED,Extracted via curl + keyword matching
khatoco.com,https://khatoco.com,none_found,NOT STATED,NOT STATED,False,NOT STATED,NOT STATED,Extracted via curl + keyword matching
kilde.sg,https://kilde.sg,none_found,NOT STATED,NOT STATED,False,NOT STATED,NOT STATED,Extracted via curl + keyword matching
klealegal.com,https://klealegal.com,none_found,NOT STATED,NOT STATED,False,NOT STATED,NOT STATED,Extracted via curl + keyword matching
knips.com,https://knips.com,none_found,NOT STATED,NOT STATED,False,NOT STATED,NOT STATED,Extracted via curl + keyword matching
knoxed.com,https://knoxed.com,none_found,NOT STATED,NOT STATED,False,NOT STATED,NOT STATED,Extracted via curl + keyword matching
kobbr.com,https://kobbr.com,none_found,NOT STATED,NOT STATED,False,NOT STATED,NOT STATED,Extracted via curl + keyword matching
komodor.com,https://komodor.com,none_found,NOT STATED,NOT STATED,False,NOT STATED,NOT STATED,Extracted via curl + keyword matching
korl.co,https://korl.co,none_found,NOT STATED,NOT STATED,False,NOT STATED,NOT STATED,Extracted via curl + keyword matching
kotlinlang.org,https://kotlinlang.org,none_found,NOT STATED,NOT STATED,False,NOT STATED,NOT STATED,Extracted via curl + keyword matching
lastcallanalytics.com,https://lastcallanalytics.com,none_found,NOT STATED,NOT STATED,False,NOT STATED,NOT STATED,Extracted via curl + keyword matching
latitude.sh,https://latitude.sh,none_found,NOT STATED,NOT STATED,False,NOT STATED,NOT STATED,Extracted via curl + keyword matching
lawcyborg.com,https://lawcyborg.com,none_found,NOT STATED,NOT STATED,False,NOT STATED,NOT STATED,Extracted via curl + keyword matching
laylinetech.com,https://laylinetech.com,none_found,NOT STATED,NOT STATED,False,NOT STATED,NOT STATED,Extracted via curl + keyword matching
leadiq.com,https://leadiq.com,none_found,NOT STATED,NOT STATED,False,NOT STATED,NOT STATED,Extracted via curl + keyword matching
leadrat.com,https://leadrat.com,none_found,NOT STATED,NOT STATED,False,NOT STATED,NOT STATED,Extracted via curl + keyword matching
leandata.com,https://leandata.com,none_found,NOT STATED,NOT STATED,False,NOT STATED,NOT STATED,Extracted via curl + keyword matching
leasecalcs.com,https://leasecalcs.com,none_found,NOT STATED,NOT STATED,False,NOT STATED,NOT STATED,Extracted via curl + keyword matching
ledsone.co.uk,https://ledsone.co.uk,none_found,NOT STATED,NOT STATED,False,NOT STATED,NOT STATED,Extracted via curl + keyword matching
leftbrain.io,https://leftbrain.io,none_found,NOT STATED,NOT STATED,False,NOT STATED,NOT STATED,Extracted via curl + keyword matching
legalboards.io,https://legalboards.io,none_found,NOT STATED,NOT STATED,False,NOT STATED,NOT STATED,Extracted via curl + keyword matching
lendingspot.net,https://lendingspot.net,none_found,NOT STATED,NOT STATED,False,NOT STATED,NOT STATED,Extracted via curl + keyword matching
letstok.com,https://letstok.com,none_found,NOT STATED,NOT STATED,False,NOT STATED,NOT STATED,Extracted via curl + keyword matching
lettrlabs.com,https://lettrlabs.com,none_found,NOT STATED,NOT STATED,False,NOT STATED,NOT STATED,Extracted via curl + keyword matching
lezzoo.com,https://lezzoo.com,none_found,NOT STATED,NOT STATED,False,NOT STATED,NOT STATED,Extracted via curl + keyword matching
libris.ro,https://libris.ro,none_found,NOT STATED,NOT STATED,False,NOT STATED,NOT STATED,Extracted via curl + keyword matching
lifesight.io,https://lifesight.io,none_found,NOT STATED,NOT STATED,False,NOT STATED,NOT STATED,Extracted via curl + keyword matching
lightbringer.com,https://lightbringer.com,none_found,NOT STATED,NOT STATED,False,NOT STATED,NOT STATED,Extracted via curl + keyword matching
linguado.com,https://linguado.com,none_found,NOT STATED,NOT STATED,False,NOT STATED,NOT STATED,Extracted via curl + keyword matching
logestechs.com,https://logestechs.com,none_found,NOT STATED,NOT STATED,False,NOT STATED,NOT STATED,Extracted via curl + keyword matching
londonserenity.com,https://londonserenity.com,none_found,NOT STATED,NOT STATED,False,NOT STATED,NOT STATED,Extracted via curl + keyword matching
losant.com,https://losant.com,none_found,NOT STATED,NOT STATED,False,NOT STATED,NOT STATED,Extracted via curl + keyword matching
lottiefiles.com,https://lottiefiles.com,none_found,NOT STATED,NOT STATED,False,NOT STATED,NOT STATED,Extracted via curl + keyword matching
lotto-niedersachsen.de,https://lotto-niedersachsen.de,none_found,NOT STATED,NOT STATED,False,NOT STATED,NOT STATED,Extracted via curl + keyword matching
ls2.io,https://ls2.io,none_found,NOT STATED,NOT STATED,False,NOT STATED,NOT STATED,Extracted via curl + keyword matching
lst.team,https://lst.team,none_found,NOT STATED,NOT STATED,False,NOT STATED,NOT STATED,Extracted via curl + keyword matching
luxresearchinc.com,https://luxresearchinc.com,none_found,NOT STATED,NOT STATED,False,NOT STATED,NOT STATED,Extracted via curl + keyword matching
luxurypresence.com,https://luxurypresence.com,none_found,NOT STATED,NOT STATED,False,NOT STATED,NOT STATED,Extracted via curl + keyword matching
madisonai.com,https://madisonai.com,none_found,NOT STATED,NOT STATED,False,NOT STATED,NOT STATED,Extracted via curl + keyword matching
magazord.com.br,https://magazord.com.br,none_found,NOT STATED,NOT STATED,False,NOT STATED,NOT STATED,Extracted via curl + keyword matching
magpieiq.com,https://magpieiq.com,none_found,NOT STATED,NOT STATED,False,NOT STATED,NOT STATED,Extracted via curl + keyword matching
mailerfind.com,https://mailerfind.com,none_found,NOT STATED,NOT STATED,False,NOT STATED,NOT STATED,Extracted via curl + keyword matching
mailsuite.com,https://mailsuite.com,none_found,NOT STATED,NOT STATED,False,NOT STATED,NOT STATED,Extracted via curl + keyword matching
mainframe.app,https://mainframe.app,none_found,NOT STATED,NOT STATED,False,NOT STATED,NOT STATED,Extracted via curl + keyword matching
makea.co,https://makea.co,none_found,NOT STATED,NOT STATED,False,NOT STATED,NOT STATED,Extracted via curl + keyword matching
makersights.com,https://makersights.com,none_found,NOT STATED,NOT STATED,False,NOT STATED,NOT STATED,Extracted via curl + keyword matching
malou.io,https://malou.io,none_found,NOT STATED,NOT STATED,False,NOT STATED,NOT STATED,Extracted via curl + keyword matching
mancommx.com,https://mancommx.com,none_found,NOT STATED,NOT STATED,False,NOT STATED,NOT STATED,Extracted via curl + keyword matching
mandaprofinanceiro.com,https://mandaprofinanceiro.com,none_found,NOT STATED,NOT STATED,False,NOT STATED,NOT STATED,Extracted via curl + keyword matching
maple.com,https://maple.com,none_found,NOT STATED,NOT STATED,False,NOT STATED,NOT STATED,Extracted via curl + keyword matching
marketingminer.com,https://marketingminer.com,none_found,NOT STATED,NOT STATED,False,NOT STATED,NOT STATED,Extracted via curl + keyword matching
marketlogicsoftware.com,https://marketlogicsoftware.com,none_found,NOT STATED,NOT STATED,False,NOT STATED,NOT STATED,Extracted via curl + keyword matching
mastheadata.com,https://mastheadata.com,none_found,NOT STATED,NOT STATED,False,NOT STATED,NOT STATED,Extracted via curl + keyword matching
mcleodsoftware.com,https://mcleodsoftware.com,none_found,NOT STATED,NOT STATED,False,NOT STATED,NOT STATED,Extracted via curl + keyword matching
mclogs.com,https://mclogs.com,none_found,NOT STATED,NOT STATED,False,NOT STATED,NOT STATED,Extracted via curl + keyword matching
meethero.ai,https://meethero.ai,none_found,NOT STATED,NOT STATED,False,NOT STATED,NOT STATED,Extracted via curl + keyword matching
meetleo.com,https://meetleo.com,none_found,NOT STATED,NOT STATED,False,NOT STATED,NOT STATED,Extracted via curl + keyword matching
melba.io,https://melba.io,none_found,NOT STATED,NOT STATED,False,NOT STATED,NOT STATED,Extracted via curl + keyword matching
melius.com,https://melius.com,none_found,NOT STATED,NOT STATED,False,NOT STATED,NOT STATED,Extracted via curl + keyword matching
memories.ai,https://memories.ai,none_found,NOT STATED,NOT STATED,False,NOT STATED,NOT STATED,Extracted via curl + keyword matching
mergr.com,https://mergr.com,none_found,NOT STATED,NOT STATED,False,NOT STATED,NOT STATED,Extracted via curl + keyword matching
merrittadvisory.com,https://merrittadvisory.com,none_found,NOT STATED,NOT STATED,False,NOT STATED,NOT STATED,Extracted via curl + keyword matching
metergrid.de,https://metergrid.de,none_found,NOT STATED,NOT STATED,False,NOT STATED,NOT STATED,Extracted via curl + keyword matching
mikfs.com,https://mikfs.com,none_found,NOT STATED,NOT STATED,False,NOT STATED,NOT STATED,Extracted via curl + keyword matching
milenow.com,https://milenow.com,none_found,NOT STATED,NOT STATED,False,NOT STATED,NOT STATED,Extracted via curl + keyword matching
miracleplus.com,https://miracleplus.com,none_found,NOT STATED,NOT STATED,False,NOT STATED,NOT STATED,Error: 'utf-8' codec can't decode byte 0x8b in position 1: invalid start byte
mistywest.com,https://mistywest.com,none_found,NOT STATED,NOT STATED,False,NOT STATED,NOT STATED,Extracted via curl + keyword matching
modelmatch.com,https://modelmatch.com,none_found,NOT STATED,NOT STATED,False,NOT STATED,NOT STATED,Extracted via curl + keyword matching
modrek.ai,https://modrek.ai,none_found,NOT STATED,NOT STATED,False,NOT STATED,NOT STATED,Extracted via curl + keyword matching
mongodb.com,https://mongodb.com,none_found,NOT STATED,NOT STATED,False,NOT STATED,NOT STATED,Extracted via curl + keyword matching
morepaymentevolution.com,https://morepaymentevolution.com,none_found,NOT STATED,NOT STATED,False,NOT STATED,NOT STATED,Extracted via curl + keyword matching
movingimage.my,https://movingimage.my,none_found,NOT STATED,NOT STATED,False,NOT STATED,NOT STATED,Extracted via curl + keyword matching
mprofit.in,https://mprofit.in,none_found,NOT STATED,NOT STATED,False,NOT STATED,NOT STATED,Extracted via curl + keyword matching
mtc.co.uk,https://mtc.co.uk,none_found,NOT STATED,NOT STATED,False,NOT STATED,NOT STATED,Extracted via curl + keyword matching
mycma.com,https://mycma.com,none_found,NOT STATED,NOT STATED,False,NOT STATED,NOT STATED,Extracted via curl + keyword matching
mynyfy.com,https://mynyfy.com,none_found,NOT STATED,NOT STATED,False,NOT STATED,NOT STATED,Extracted via curl + keyword matching
myvert.com,https://myvert.com,none_found,NOT STATED,NOT STATED,False,NOT STATED,NOT STATED,Extracted via curl + keyword matching
nachonacho.com,https://nachonacho.com,none_found,NOT STATED,NOT STATED,False,NOT STATED,NOT STATED,Extracted via curl + keyword matching
nautipark.com,https://nautipark.com,none_found,NOT STATED,NOT STATED,False,NOT STATED,NOT STATED,Extracted via curl + keyword matching
ncino.com,https://ncino.com,none_found,NOT STATED,NOT STATED,False,NOT STATED,NOT STATED,Extracted via curl + keyword matching
nell.ai,https://nell.ai,none_found,NOT STATED,NOT STATED,False,NOT STATED,NOT STATED,Extracted via curl + keyword matching
netnut.io,https://netnut.io,none_found,NOT STATED,NOT STATED,False,NOT STATED,NOT STATED,Extracted via curl + keyword matching
nevermisshq.com,https://nevermisshq.com,none_found,NOT STATED,NOT STATED,False,NOT STATED,NOT STATED,Extracted via curl + keyword matching
newprojectmedia.com,https://newprojectmedia.com,none_found,NOT STATED,NOT STATED,False,NOT STATED,NOT STATED,Extracted via curl + keyword matching
nextmotion.net,https://nextmotion.net,none_found,NOT STATED,NOT STATED,False,NOT STATED,NOT STATED,Extracted via curl + keyword matching
niftypm.com,https://niftypm.com,none_found,NOT STATED,NOT STATED,False,NOT STATED,NOT STATED,Extracted via curl + keyword matching
nilehq.com,https://nilehq.com,none_found,NOT STATED,NOT STATED,False,NOT STATED,NOT STATED,Extracted via curl + keyword matching
nim.video,https://nim.video,none_found,NOT STATED,NOT STATED,False,NOT STATED,NOT STATED,Extracted via curl + keyword matching
nobleblocks.com,https://nobleblocks.com,none_found,NOT STATED,NOT STATED,False,NOT STATED,NOT STATED,Extracted via curl + keyword matching
northbeam.io,https://northbeam.io,none_found,NOT STATED,NOT STATED,False,NOT STATED,NOT STATED,Extracted via curl + keyword matching
northwestregisteredagent.com,https://northwestregisteredagent.com,none_found,NOT STATED,NOT STATED,False,NOT STATED,NOT STATED,Extracted via curl + keyword matching
ocoya.com,https://ocoya.com,none_found,NOT STATED,NOT STATED,False,NOT STATED,NOT STATED,Extracted via curl + keyword matching
octus.com,https://octus.com,none_found,NOT STATED,NOT STATED,False,NOT STATED,NOT STATED,Extracted via curl + keyword matching
ohiolegalhelp.org,https://ohiolegalhelp.org,none_found,NOT STATED,NOT STATED,False,NOT STATED,NOT STATED,Extracted via curl + keyword matching
1-commerce.com,https://1-commerce.com,none_found,NOT STATED,NOT STATED,False,NOT STATED,NOT STATED,Extracted via curl + keyword matching
1688.com,https://1688.com,none_found,NOT STATED,NOT STATED,False,NOT STATED,NOT STATED,Extracted via curl + keyword matching
1984.vc,https://1984.vc,none_found,NOT STATED,NOT STATED,False,NOT STATED,NOT STATED,Extracted via curl + keyword matching
1fit.app,https://1fit.app,none_found,NOT STATED,NOT STATED,False,NOT STATED,NOT STATED,Extracted via curl + keyword matching
a-leads.co,https://a-leads.co,none_found,NOT STATED,NOT STATED,False,NOT STATED,NOT STATED,Extracted via curl + keyword matching
abda.ai,https://abda.ai,none_found,NOT STATED,NOT STATED,False,NOT STATED,NOT STATED,Extracted via curl + keyword matching
abenex.com,https://abenex.com,none_found,NOT STATED,NOT STATED,False,NOT STATED,NOT STATED,Extracted via curl + keyword matching
academypl.us,https://academypl.us,none_found,NOT STATED,NOT STATED,False,NOT STATED,NOT STATED,Extracted via curl + keyword matching
acctual.com,https://acctual.com,none_found,NOT STATED,NOT STATED,False,NOT STATED,NOT STATED,Extracted via curl + keyword matching
act.security,https://act.security,none_found,NOT STATED,NOT STATED,False,NOT STATED,NOT STATED,Extracted via curl + keyword matching
actioneer.com,https://actioneer.com,none_found,NOT STATED,NOT STATED,False,NOT STATED,NOT STATED,Extracted via curl + keyword matching
actirise.com,https://actirise.com,none_found,NOT STATED,NOT STATED,False,NOT STATED,NOT STATED,Extracted via curl + keyword matching
addcomposites.com,https://addcomposites.com,none_found,NOT STATED,NOT STATED,False,NOT STATED,NOT STATED,Extracted via curl + keyword matching
adenasoft.com,https://adenasoft.com,none_found,NOT STATED,NOT STATED,False,NOT STATED,NOT STATED,Extracted via curl + keyword matching
adgeeks.ge,https://adgeeks.ge,none_found,NOT STATED,NOT STATED,False,NOT STATED,NOT STATED,Extracted via curl + keyword matching
admiral.digital,https://admiral.digital,none_found,NOT STATED,NOT STATED,False,NOT STATED,NOT STATED,Extracted via curl + keyword matching
adntro.com,https://adntro.com,none_found,NOT STATED,NOT STATED,False,NOT STATED,NOT STATED,Extracted via curl + keyword matching
adomos.com,https://adomos.com,none_found,NOT STATED,NOT STATED,False,NOT STATED,NOT STATED,Extracted via curl + keyword matching
adventures.is,https://adventures.is,none_found,NOT STATED,NOT STATED,False,NOT STATED,NOT STATED,Extracted via curl + keyword matching
agentphone.ai,https://agentphone.ai,none_found,NOT STATED,NOT STATED,False,NOT STATED,NOT STATED,Extracted via curl + keyword matching
omi.so,https://omi.so,none_found,NOT STATED,NOT STATED,False,NOT STATED,NOT STATED,Extracted via curl + keyword matching
onabu.ai,https://onabu.ai,none_found,NOT STATED,NOT STATED,False,NOT STATED,NOT STATED,Extracted via curl + keyword matching
one.bio,https://one.bio,none_found,NOT STATED,NOT STATED,False,NOT STATED,NOT STATED,Extracted via curl + keyword matching
oneclickads.com.br,https://oneclickads.com.br,none_found,NOT STATED,NOT STATED,False,NOT STATED,NOT STATED,Extracted via curl + keyword matching
onenewone.com,https://onenewone.com,none_found,NOT STATED,NOT STATED,False,NOT STATED,NOT STATED,Extracted via curl + keyword matching
open.money,https://open.money,responsible_disclosure_only,NOT STATED,NOT STATED,False,NOT STATED,NOT STATED,Extracted via curl + keyword matching
openagenda.com,https://openagenda.com,none_found,NOT STATED,NOT STATED,False,NOT STATED,NOT STATED,Extracted via curl + keyword matching
openart.ai,https://openart.ai,none_found,NOT STATED,NOT STATED,False,NOT STATED,NOT STATED,Extracted via curl + keyword matching
opengrants.io,https://opengrants.io,none_found,NOT STATED,NOT STATED,False,NOT STATED,NOT STATED,Extracted via curl + keyword matching
openrouter.ai,https://openrouter.ai,none_found,NOT STATED,NOT STATED,False,NOT STATED,NOT STATED,Extracted via curl + keyword matching
opensea.io,https://opensea.io,none_found,NOT STATED,NOT STATED,False,NOT STATED,NOT STATED,Extracted via curl + keyword matching
opinly.ai,https://opinly.ai,none_found,NOT STATED,NOT STATED,False,NOT STATED,NOT STATED,Extracted via curl + keyword matching
opoint.com,https://opoint.com,none_found,NOT STATED,NOT STATED,False,NOT STATED,NOT STATED,Extracted via curl + keyword matching
organizze.com.br,https://organizze.com.br,none_found,NOT STATED,NOT STATED,False,NOT STATED,NOT STATED,Extracted via curl + keyword matching
orionsleep.com,https://orionsleep.com,none_found,NOT STATED,NOT STATED,False,NOT STATED,NOT STATED,Extracted via curl + keyword matching
ottofrei.com,https://ottofrei.com,none_found,NOT STATED,NOT STATED,False,NOT STATED,NOT STATED,Extracted via curl + keyword matching
ourritual.com,https://ourritual.com,none_found,NOT STATED,NOT STATED,False,NOT STATED,NOT STATED,Extracted via curl + keyword matching
outdoorsy.com,https://outdoorsy.com,none_found,NOT STATED,NOT STATED,False,NOT STATED,NOT STATED,Extracted via curl + keyword matching
paapi.ai,https://paapi.ai,none_found,NOT STATED,NOT STATED,False,NOT STATED,NOT STATED,Extracted via curl + keyword matching
panoramaed.com,https://panoramaed.com,none_found,NOT STATED,NOT STATED,False,NOT STATED,NOT STATED,Extracted via curl + keyword matching
pargesoft.com,https://pargesoft.com,none_found,NOT STATED,NOT STATED,False,NOT STATED,NOT STATED,Extracted via curl + keyword matching
partouche.com,https://partouche.com,none_found,NOT STATED,NOT STATED,False,NOT STATED,NOT STATED,Extracted via curl + keyword matching
paytmpayments.com,https://paytmpayments.com,none_found,NOT STATED,NOT STATED,False,NOT STATED,NOT STATED,Extracted via curl + keyword matching
pex.com,https://pex.com,none_found,NOT STATED,NOT STATED,False,NOT STATED,NOT STATED,Extracted via curl + keyword matching
phantombuster.com,https://phantombuster.com,none_found,NOT STATED,NOT STATED,False,NOT STATED,NOT STATED,Extracted via curl + keyword matching
phylo.bio,https://phylo.bio,none_found,NOT STATED,NOT STATED,False,NOT STATED,NOT STATED,Extracted via curl + keyword matching
picadeli.com,https://picadeli.com,none_found,NOT STATED,NOT STATED,False,NOT STATED,NOT STATED,Extracted via curl + keyword matching
pickndropnepal.com,https://pickndropnepal.com,none_found,NOT STATED,NOT STATED,False,NOT STATED,NOT STATED,Extracted via curl + keyword matching
pics.io,https://pics.io,none_found,NOT STATED,NOT STATED,False,NOT STATED,NOT STATED,Extracted via curl + keyword matching
pillar.security,https://pillar.security,none_found,NOT STATED,NOT STATED,False,NOT STATED,NOT STATED,Extracted via curl + keyword matching
pinto.com.ec,https://pinto.com.ec,none_found,NOT STATED,NOT STATED,False,NOT STATED,NOT STATED,Extracted via curl + keyword matching
plansom.com,https://plansom.com,none_found,NOT STATED,NOT STATED,False,NOT STATED,NOT STATED,Extracted via curl + keyword matching
playsuper.ai,https://playsuper.ai,none_found,NOT STATED,NOT STATED,False,NOT STATED,NOT STATED,Extracted via curl + keyword matching
playyourbrand.com,https://playyourbrand.com,none_found,NOT STATED,NOT STATED,False,NOT STATED,NOT STATED,Extracted via curl + keyword matching
plcs.ai,https://plcs.ai,security_contact_only,NOT STATED,security@plcs.ai,False,NOT STATED,NOT STATED,Extracted via curl + keyword matching
poltio.com,https://poltio.com,none_found,NOT STATED,NOT STATED,False,NOT STATED,NOT STATED,Extracted via curl + keyword matching
popety.io,https://popety.io,none_found,NOT STATED,NOT STATED,False,NOT STATED,NOT STATED,Extracted via curl + keyword matching
portal26.ai,https://portal26.ai,none_found,NOT STATED,NOT STATED,False,NOT STATED,NOT STATED,Extracted via curl + keyword matching
premium-sa.com,https://premium-sa.com,none_found,NOT STATED,NOT STATED,False,NOT STATED,NOT STATED,Extracted via curl + keyword matching
premom.com,https://premom.com,none_found,NOT STATED,NOT STATED,False,NOT STATED,NOT STATED,Extracted via curl + keyword matching
privco.com,https://privco.com,none_found,NOT STATED,NOT STATED,False,NOT STATED,NOT STATED,Extracted via curl + keyword matching
prodeal360.com,https://prodeal360.com,responsible_disclosure_only,NOT STATED,NOT STATED,False,NOT STATED,NOT STATED,Extracted via curl + keyword matching
prodoscore.com,https://prodoscore.com,none_found,NOT STATED,NOT STATED,False,NOT STATED,NOT STATED,Extracted via curl + keyword matching
proemion.com,https://proemion.com,none_found,NOT STATED,NOT STATED,False,NOT STATED,NOT STATED,Extracted via curl + keyword matching
prosal.com,https://prosal.com,none_found,NOT STATED,NOT STATED,False,NOT STATED,NOT STATED,Extracted via curl + keyword matching
prospecta.digital,https://prospecta.digital,none_found,NOT STATED,NOT STATED,False,NOT STATED,NOT STATED,Extracted via curl + keyword matching
prosvita.net,https://prosvita.net,none_found,NOT STATED,NOT STATED,False,NOT STATED,NOT STATED,Extracted via curl + keyword matching
psyke.co,https://psyke.co,none_found,NOT STATED,NOT STATED,False,NOT STATED,NOT STATED,Extracted via curl + keyword matching
purplewave.com,https://purplewave.com,none_found,NOT STATED,NOT STATED,False,NOT STATED,NOT STATED,Extracted via curl + keyword matching
pushnami.com,https://pushnami.com,none_found,NOT STATED,NOT STATED,False,NOT STATED,NOT STATED,Extracted via curl + keyword matching
puter.com,https://puter.com,none_found,NOT STATED,NOT STATED,False,NOT STATED,NOT STATED,Extracted via curl + keyword matching
puzzle.io,https://puzzle.io,none_found,NOT STATED,NOT STATED,False,NOT STATED,NOT STATED,Extracted via curl + keyword matching
qapla.it,https://qapla.it,none_found,NOT STATED,NOT STATED,False,NOT STATED,NOT STATED,Extracted via curl + keyword matching
qencode.com,https://qencode.com,none_found,NOT STATED,NOT STATED,False,NOT STATED,NOT STATED,Extracted via curl + keyword matching
qobra.co,https://qobra.co,none_found,NOT STATED,NOT STATED,False,NOT STATED,NOT STATED,Extracted via curl + keyword matching
quantumheaps.com,https://quantumheaps.com,security_contact_only,NOT STATED,NOT STATED,False,NOT STATED,NOT STATED,Extracted via curl + keyword matching
quattr.com,https://quattr.com,none_found,NOT STATED,NOT STATED,False,NOT STATED,NOT STATED,Extracted via curl + keyword matching
racap.com,https://racap.com,none_found,NOT STATED,NOT STATED,False,NOT STATED,NOT STATED,Extracted via curl + keyword matching
ranger.net,https://ranger.net,none_found,NOT STATED,NOT STATED,False,NOT STATED,NOT STATED,Extracted via curl + keyword matching
rankscale.ai,https://rankscale.ai,none_found,NOT STATED,NOT STATED,False,NOT STATED,NOT STATED,Extracted via curl + keyword matching
rapidata.ai,https://rapidata.ai,none_found,NOT STATED,NOT STATED,False,NOT STATED,NOT STATED,Extracted via curl + keyword matching
rayda.co,https://rayda.co,none_found,NOT STATED,NOT STATED,False,NOT STATED,NOT STATED,Extracted via curl + keyword matching
rdash.ai,https://rdash.ai,none_found,NOT STATED,NOT STATED,False,NOT STATED,NOT STATED,Extracted via curl + keyword matching
reactordata.com,https://reactordata.com,none_found,NOT STATED,NOT STATED,False,NOT STATED,NOT STATED,Extracted via curl + keyword matching
reallygoodemails.com,https://reallygoodemails.com,none_found,NOT STATED,NOT STATED,False,NOT STATED,NOT STATED,Extracted via curl + keyword matching
realmhome.com,https://realmhome.com,none_found,NOT STATED,NOT STATED,False,NOT STATED,NOT STATED,Extracted via curl + keyword matching
realytics.com,https://realytics.com,none_found,NOT STATED,NOT STATED,False,NOT STATED,NOT STATED,Extracted via curl + keyword matching
recruitwithatlas.com,https://recruitwithatlas.com,none_found,NOT STATED,NOT STATED,False,NOT STATED,NOT STATED,Extracted via curl + keyword matching
redonlinemarketing.nl,https://redonlinemarketing.nl,none_found,NOT STATED,NOT STATED,False,NOT STATED,NOT STATED,Extracted via curl + keyword matching
redsift.io,https://redsift.io,responsible_disclosure_only,NOT STATED,NOT STATED,False,NOT STATED,NOT STATED,Extracted via curl + keyword matching
reelevant.com,https://reelevant.com,none_found,NOT STATED,NOT STATED,False,NOT STATED,NOT STATED,Extracted via curl + keyword matching
replenysh.com,https://replenysh.com,none_found,NOT STATED,NOT STATED,False,NOT STATED,NOT STATED,Extracted via curl + keyword matching
resend.com,https://resend.com,none_found,NOT STATED,NOT STATED,False,NOT STATED,NOT STATED,Extracted via curl + keyword matching
responsive.dk,https://responsive.dk,none_found,NOT STATED,NOT STATED,False,NOT STATED,NOT STATED,Extracted via curl + keyword matching
retently.com,https://retently.com,none_found,NOT STATED,NOT STATED,False,NOT STATED,NOT STATED,Extracted via curl + keyword matching
revalu.io,https://revalu.io,none_found,NOT STATED,NOT STATED,False,NOT STATED,NOT STATED,Extracted via curl + keyword matching
revenium.ai,https://revenium.ai,none_found,NOT STATED,NOT STATED,False,NOT STATED,NOT STATED,Extracted via curl + keyword matching
revido.co,https://revido.co,none_found,NOT STATED,NOT STATED,False,NOT STATED,NOT STATED,Extracted via curl + keyword matching
revolutionre.com,https://revolutionre.com,none_found,NOT STATED,NOT STATED,False,NOT STATED,NOT STATED,Extracted via curl + keyword matching
rhombus.com,https://rhombus.com,none_found,NOT STATED,NOT STATED,False,NOT STATED,NOT STATED,Extracted via curl + keyword matching
rivelinrobotics.com,https://rivelinrobotics.com,none_found,NOT STATED,NOT STATED,False,NOT STATED,NOT STATED,Extracted via curl + keyword matching
rootline.com,https://rootline.com,none_found,NOT STATED,NOT STATED,False,NOT STATED,NOT STATED,Extracted via curl + keyword matching
runriviera.com,https://runriviera.com,none_found,NOT STATED,NOT STATED,False,NOT STATED,NOT STATED,Extracted via curl + keyword matching
runware.ai,https://runware.ai,none_found,NOT STATED,NOT STATED,False,NOT STATED,NOT STATED,Extracted via curl + keyword matching
saara.io,https://saara.io,none_found,NOT STATED,NOT STATED,False,NOT STATED,NOT STATED,Extracted via curl + keyword matching
saasify.ai,https://saasify.ai,none_found,NOT STATED,NOT STATED,False,NOT STATED,NOT STATED,Extracted via curl + keyword matching
safeguard.sh,https://safeguard.sh,responsible_disclosure_only,NOT STATED,security@safeguard.sh,False,NOT STATED,NOT STATED,Extracted via curl + keyword matching
sagareus.com,https://sagareus.com,none_found,NOT STATED,NOT STATED,False,NOT STATED,NOT STATED,Extracted via curl + keyword matching
sailpoint.com,https://sailpoint.com,none_found,NOT STATED,NOT STATED,False,NOT STATED,NOT STATED,Extracted via curl + keyword matching
salesmessage.com,https://salesmessage.com,none_found,NOT STATED,NOT STATED,False,NOT STATED,NOT STATED,Extracted via curl + keyword matching
scannable.io,https://scannable.io,none_found,NOT STATED,NOT STATED,False,NOT STATED,NOT STATED,Extracted via curl + keyword matching
scribe-mail.com,https://scribe-mail.com,none_found,NOT STATED,NOT STATED,False,NOT STATED,NOT STATED,Extracted via curl + keyword matching
scrive.com,https://scrive.com,none_found,NOT STATED,NOT STATED,False,NOT STATED,NOT STATED,Extracted via curl + keyword matching
scrollmark.com,https://scrollmark.com,none_found,NOT STATED,NOT STATED,False,NOT STATED,NOT STATED,Extracted via curl + keyword matching
sellfire.com,https://sellfire.com,none_found,NOT STATED,NOT STATED,False,NOT STATED,NOT STATED,Extracted via curl + keyword matching
semji.com,https://semji.com,none_found,NOT STATED,NOT STATED,False,NOT STATED,NOT STATED,Extracted via curl + keyword matching
semway.no,https://semway.no,none_found,NOT STATED,NOT STATED,False,NOT STATED,NOT STATED,Extracted via curl + keyword matching
senuto.com,https://senuto.com,none_found,NOT STATED,NOT STATED,False,NOT STATED,NOT STATED,Extracted via curl + keyword matching
serpzilla.com,https://serpzilla.com,none_found,NOT STATED,NOT STATED,False,NOT STATED,NOT STATED,Extracted via curl + keyword matching
serro.ai,https://serro.ai,none_found,NOT STATED,NOT STATED,False,NOT STATED,NOT STATED,Extracted via curl + keyword matching
sibermate.com,https://sibermate.com,none_found,NOT STATED,NOT STATED,False,NOT STATED,NOT STATED,Extracted via curl + keyword matching
sidekick.cool,https://sidekick.cool,none_found,NOT STATED,NOT STATED,False,NOT STATED,NOT STATED,Extracted via curl + keyword matching
signit.sa,https://signit.sa,none_found,NOT STATED,NOT STATED,False,NOT STATED,NOT STATED,Extracted via curl + keyword matching
siteimprove.com,https://siteimprove.com,none_found,NOT STATED,NOT STATED,False,NOT STATED,NOT STATED,Extracted via curl + keyword matching
skyfi.com,https://skyfi.com,none_found,NOT STATED,NOT STATED,False,NOT STATED,NOT STATED,Extracted via curl + keyword matching
smallstep.com,https://smallstep.com,none_found,NOT STATED,NOT STATED,False,NOT STATED,NOT STATED,Extracted via curl + keyword matching
smartbreeder.com.br,https://smartbreeder.com.br,none_found,NOT STATED,NOT STATED,False,NOT STATED,NOT STATED,Extracted via curl + keyword matching
smartsupp.com,https://smartsupp.com,none_found,NOT STATED,NOT STATED,False,NOT STATED,NOT STATED,Extracted via curl + keyword matching
sofiapulse.com,https://sofiapulse.com,none_found,NOT STATED,NOT STATED,False,NOT STATED,NOT STATED,Extracted via curl + keyword matching
solarfame.com,https://solarfame.com,none_found,NOT STATED,NOT STATED,False,NOT STATED,NOT STATED,Extracted via curl + keyword matching
solidlabs.com,https://solidlabs.com,none_found,NOT STATED,NOT STATED,False,NOT STATED,NOT STATED,Extracted via curl + keyword matching
soon.works,https://soon.works,none_found,NOT STATED,NOT STATED,False,NOT STATED,NOT STATED,Extracted via curl + keyword matching
sorellalabs.xyz,https://sorellalabs.xyz,none_found,NOT STATED,NOT STATED,False,NOT STATED,NOT STATED,Extracted via curl + keyword matching
sowork.com,https://sowork.com,none_found,NOT STATED,NOT STATED,False,NOT STATED,NOT STATED,Extracted via curl + keyword matching
spaceship.com,https://spaceship.com,none_found,NOT STATED,NOT STATED,False,NOT STATED,NOT STATED,Extracted via curl + keyword matching
spaitial.ai,https://spaitial.ai,none_found,NOT STATED,NOT STATED,False,NOT STATED,NOT STATED,Extracted via curl + keyword matching
sparkel.ai,https://sparkel.ai,none_found,NOT STATED,NOT STATED,False,NOT STATED,NOT STATED,Extracted via curl + keyword matching
spotai.co,https://spotai.co,none_found,NOT STATED,NOT STATED,False,NOT STATED,NOT STATED,Extracted via curl + keyword matching
squaredup.com,https://squaredup.com,none_found,NOT STATED,NOT STATED,False,NOT STATED,NOT STATED,Extracted via curl + keyword matching
stickybeak.co,https://stickybeak.co,none_found,NOT STATED,NOT STATED,False,NOT STATED,NOT STATED,Extracted via curl + keyword matching
stilta.com,https://stilta.com,none_found,NOT STATED,NOT STATED,False,NOT STATED,NOT STATED,Extracted via curl + keyword matching
stockpilereports.com,https://stockpilereports.com,none_found,NOT STATED,NOT STATED,False,NOT STATED,NOT STATED,Extracted via curl + keyword matching
storeconnect.com,https://storeconnect.com,none_found,NOT STATED,NOT STATED,False,NOT STATED,NOT STATED,Extracted via curl + keyword matching
strappmobile.com,https://strappmobile.com,none_found,NOT STATED,NOT STATED,False,NOT STATED,NOT STATED,Extracted via curl + keyword matching
subway.com,https://subway.com,none_found,NOT STATED,NOT STATED,False,NOT STATED,NOT STATED,Extracted via curl + keyword matching
sumary.com,https://sumary.com,none_found,NOT STATED,NOT STATED,False,NOT STATED,NOT STATED,Extracted via curl + keyword matching
superscale.ai,https://superscale.ai,none_found,NOT STATED,NOT STATED,False,NOT STATED,NOT STATED,Extracted via curl + keyword matching
superside.com,https://superside.com,none_found,NOT STATED,NOT STATED,False,NOT STATED,NOT STATED,Extracted via curl + keyword matching
svgator.com,https://svgator.com,none_found,NOT STATED,NOT STATED,False,NOT STATED,NOT STATED,Extracted via curl + keyword matching
svi.edu.au,https://svi.edu.au,none_found,NOT STATED,NOT STATED,False,NOT STATED,NOT STATED,Extracted via curl + keyword matching
switch-soft.com,https://switch-soft.com,none_found,NOT STATED,NOT STATED,False,NOT STATED,NOT STATED,Extracted via curl + keyword matching
swrecovery.com,https://swrecovery.com,none_found,NOT STATED,NOT STATED,False,NOT STATED,NOT STATED,Extracted via curl + keyword matching
syatt.io,https://syatt.io,none_found,NOT STATED,NOT STATED,False,NOT STATED,NOT STATED,Extracted via curl + keyword matching
sycamore.so,https://sycamore.so,public_program,HackerOne,NOT STATED,False,NOT STATED,NOT STATED,Extracted via curl + keyword matching
synatic.com,https://synatic.com,none_found,NOT STATED,NOT STATED,False,NOT STATED,NOT STATED,Extracted via curl + keyword matching
syncwith.com,https://syncwith.com,none_found,NOT STATED,NOT STATED,False,NOT STATED,NOT STATED,Extracted via curl + keyword matching
syspos.ae,https://syspos.ae,none_found,NOT STATED,NOT STATED,False,NOT STATED,NOT STATED,Extracted via curl + keyword matching
tableau.com,https://tableau.com,none_found,NOT STATED,NOT STATED,False,NOT STATED,NOT STATED,Extracted via curl + keyword matching
talenesia.com,https://talenesia.com,none_found,NOT STATED,NOT STATED,False,NOT STATED,NOT STATED,Extracted via curl + keyword matching
talentsprout.ai,https://talentsprout.ai,none_found,NOT STATED,NOT STATED,False,NOT STATED,NOT STATED,Extracted via curl + keyword matching
talkspirit.com,https://talkspirit.com,none_found,NOT STATED,NOT STATED,False,NOT STATED,NOT STATED,Extracted via curl + keyword matching
taskray.com,https://taskray.com,none_found,NOT STATED,NOT STATED,False,NOT STATED,NOT STATED,Extracted via curl + keyword matching
tbobank.com,https://tbobank.com,none_found,NOT STATED,NOT STATED,False,NOT STATED,NOT STATED,Extracted via curl + keyword matching
terranova.inc,https://terranova.inc,none_found,NOT STATED,NOT STATED,False,NOT STATED,NOT STATED,Extracted via curl + keyword matching
testnovalabs.com,https://testnovalabs.com,none_found,NOT STATED,NOT STATED,False,NOT STATED,NOT STATED,Extracted via curl + keyword matching
textmine.com,https://textmine.com,none_found,NOT STATED,NOT STATED,False,NOT STATED,NOT STATED,Extracted via curl + keyword matching
theanna.io,https://theanna.io,none_found,NOT STATED,NOT STATED,False,NOT STATED,NOT STATED,Extracted via curl + keyword matching
theboavidagroup.com,https://theboavidagroup.com,none_found,NOT STATED,NOT STATED,False,NOT STATED,NOT STATED,Extracted via curl + keyword matching
thecoraledge.com,https://thecoraledge.com,none_found,NOT STATED,NOT STATED,False,NOT STATED,NOT STATED,Extracted via curl + keyword matching
thefly.com,https://thefly.com,none_found,NOT STATED,NOT STATED,False,NOT STATED,NOT STATED,Extracted via curl + keyword matching
thehog.ai,https://thehog.ai,none_found,NOT STATED,NOT STATED,False,NOT STATED,NOT STATED,Extracted via curl + keyword matching
thelocopolo.com,https://thelocopolo.com,none_found,NOT STATED,NOT STATED,False,NOT STATED,NOT STATED,Extracted via curl + keyword matching
thenightsky.com,https://thenightsky.com,none_found,NOT STATED,NOT STATED,False,NOT STATED,NOT STATED,Extracted via curl + keyword matching
thepilot.in,https://thepilot.in,none_found,NOT STATED,NOT STATED,False,NOT STATED,NOT STATED,Extracted via curl + keyword matching
threadedmfg.com,https://threadedmfg.com,none_found,NOT STATED,NOT STATED,False,NOT STATED,NOT STATED,Extracted via curl + keyword matching
thruline.co,https://thruline.co,none_found,NOT STATED,NOT STATED,False,NOT STATED,NOT STATED,Extracted via curl + keyword matching
ticketbox.vn,https://ticketbox.vn,none_found,NOT STATED,NOT STATED,False,NOT STATED,NOT STATED,Extracted via curl + keyword matching
tidewatercap.com,https://tidewatercap.com,none_found,NOT STATED,NOT STATED,False,NOT STATED,NOT STATED,Extracted via curl + keyword matching
timelyschools.com,https://timelyschools.com,none_found,NOT STATED,NOT STATED,False,NOT STATED,NOT STATED,Extracted via curl + keyword matching
titles.xyz,https://titles.xyz,none_found,NOT STATED,NOT STATED,False,NOT STATED,NOT STATED,Extracted via curl + keyword matching
tokenoftrust.com,https://tokenoftrust.com,none_found,NOT STATED,NOT STATED,False,NOT STATED,NOT STATED,Extracted via curl + keyword matching
tokonoma.ai,https://tokonoma.ai,none_found,NOT STATED,NOT STATED,False,NOT STATED,NOT STATED,Extracted via curl + keyword matching
toss.im,https://toss.im,none_found,NOT STATED,NOT STATED,False,NOT STATED,NOT STATED,Extracted via curl + keyword matching
tramasmas.com,https://tramasmas.com,none_found,NOT STATED,NOT STATED,False,NOT STATED,NOT STATED,Extracted via curl + keyword matching
transatel.com,https://transatel.com,none_found,NOT STATED,NOT STATED,False,NOT STATED,NOT STATED,Extracted via curl + keyword matching
tripclap.com,https://tripclap.com,none_found,NOT STATED,NOT STATED,False,NOT STATED,NOT STATED,Extracted via curl + keyword matching
trmlabs.com,https://trmlabs.com,none_found,NOT STATED,NOT STATED,False,NOT STATED,NOT STATED,Extracted via curl + keyword matching
tromml.com,https://tromml.com,none_found,NOT STATED,NOT STATED,False,NOT STATED,NOT STATED,Extracted via curl + keyword matching
trustworks.io,https://trustworks.io,none_found,NOT STATED,NOT STATED,False,NOT STATED,NOT STATED,Extracted via curl + keyword matching
trysmartbite.com,https://trysmartbite.com,none_found,NOT STATED,NOT STATED,False,NOT STATED,NOT STATED,Extracted via curl + keyword matching
trytemelio.com,https://trytemelio.com,none_found,NOT STATED,NOT STATED,False,NOT STATED,NOT STATED,Extracted via curl + keyword matching
tubularlabs.com,https://tubularlabs.com,none_found,NOT STATED,NOT STATED,False,NOT STATED,NOT STATED,Extracted via curl + keyword matching
typedesk.com,https://typedesk.com,none_found,NOT STATED,NOT STATED,False,NOT STATED,NOT STATED,Extracted via curl + keyword matching
ubi-global.com,https://ubi-global.com,none_found,NOT STATED,NOT STATED,False,NOT STATED,NOT STATED,Extracted via curl + keyword matching
udacity.com,https://udacity.com,none_found,NOT STATED,NOT STATED,False,NOT STATED,NOT STATED,Extracted via curl + keyword matching
ukpropertyaccountants.co.uk,https://ukpropertyaccountants.co.uk,none_found,NOT STATED,NOT STATED,False,NOT STATED,NOT STATED,Extracted via curl + keyword matching
ultipa.com,https://ultipa.com,none_found,NOT STATED,NOT STATED,False,NOT STATED,NOT STATED,Extracted via curl + keyword matching
unbounce.com,https://unbounce.com,none_found,NOT STATED,NOT STATED,False,NOT STATED,NOT STATED,Extracted via curl + keyword matching
unduit.com,https://unduit.com,none_found,NOT STATED,NOT STATED,False,NOT STATED,NOT STATED,Extracted via curl + keyword matching
unidoors.eu,https://unidoors.eu,none_found,NOT STATED,NOT STATED,False,NOT STATED,NOT STATED,Extracted via curl + keyword matching
unsiloed.ai,https://unsiloed.ai,none_found,NOT STATED,NOT STATED,False,NOT STATED,NOT STATED,Extracted via curl + keyword matching
upnova.io,https://upnova.io,none_found,NOT STATED,NOT STATED,False,NOT STATED,NOT STATED,Extracted via curl + keyword matching
urumi.ai,https://urumi.ai,none_found,NOT STATED,NOT STATED,False,NOT STATED,NOT STATED,Extracted via curl + keyword matching
usesendcore.com,https://usesendcore.com,responsible_disclosure_only,NOT STATED,NOT STATED,False,NOT STATED,NOT STATED,Extracted via curl + keyword matching
usewheelhouse.com,https://usewheelhouse.com,none_found,NOT STATED,NOT STATED,False,NOT STATED,NOT STATED,Extracted via curl + keyword matching
vaibstudio.com,https://vaibstudio.com,none_found,NOT STATED,NOT STATED,False,NOT STATED,NOT STATED,Extracted via curl + keyword matching
valenceintel.com,https://valenceintel.com,none_found,NOT STATED,NOT STATED,False,NOT STATED,NOT STATED,Extracted via curl + keyword matching
validis.com,https://validis.com,none_found,NOT STATED,NOT STATED,False,NOT STATED,NOT STATED,Extracted via curl + keyword matching
vammo.com,https://vammo.com,none_found,NOT STATED,NOT STATED,False,NOT STATED,NOT STATED,Extracted via curl + keyword matching
vanaways.co.uk,https://vanaways.co.uk,none_found,NOT STATED,NOT STATED,False,NOT STATED,NOT STATED,Extracted via curl + keyword matching
vasa.works,https://vasa.works,none_found,NOT STATED,NOT STATED,False,NOT STATED,NOT STATED,Extracted via curl + keyword matching
verticalresponse.com,https://verticalresponse.com,none_found,NOT STATED,NOT STATED,False,NOT STATED,NOT STATED,Extracted via curl + keyword matching
vfp-consulting.com,https://vfp-consulting.com,none_found,NOT STATED,NOT STATED,False,NOT STATED,NOT STATED,Extracted via curl + keyword matching
visalaw.ai,https://visalaw.ai,none_found,NOT STATED,NOT STATED,False,NOT STATED,NOT STATED,Extracted via curl + keyword matching
vishwa.ai,https://vishwa.ai,none_found,NOT STATED,NOT STATED,False,NOT STATED,NOT STATED,Extracted via curl + keyword matching
vistasocial.com,https://vistasocial.com,none_found,NOT STATED,NOT STATED,False,NOT STATED,NOT STATED,Extracted via curl + keyword matching
vmv.group,https://vmv.group,none_found,NOT STATED,NOT STATED,False,NOT STATED,NOT STATED,Extracted via curl + keyword matching
vocci.ai,https://vocci.ai,none_found,NOT STATED,NOT STATED,False,NOT STATED,NOT STATED,Extracted via curl + keyword matching
volonte.co,https://volonte.co,none_found,NOT STATED,NOT STATED,False,NOT STATED,NOT STATED,Extracted via curl + keyword matching
voluum.com,https://voluum.com,none_found,NOT STATED,NOT STATED,False,NOT STATED,NOT STATED,Extracted via curl + keyword matching
aimtell.com,https://aimtell.com,none_found,NOT STATED,NOT STATED,False,NOT STATED,NOT STATED,Extracted via curl + keyword matching
airmason.com,https://airmason.com,none_found,NOT STATED,NOT STATED,False,NOT STATED,NOT STATED,Extracted via curl + keyword matching
algominds.ai,https://algominds.ai,none_found,NOT STATED,NOT STATED,False,NOT STATED,NOT STATED,Extracted via curl + keyword matching
allcurrent.com,https://allcurrent.com,none_found,NOT STATED,NOT STATED,False,NOT STATED,NOT STATED,Extracted via curl + keyword matching
allphins.com,https://allphins.com,none_found,NOT STATED,NOT STATED,False,NOT STATED,NOT STATED,Extracted via curl + keyword matching
allsolutions.nl,https://allsolutions.nl,none_found,NOT STATED,NOT STATED,False,NOT STATED,NOT STATED,Extracted via curl + keyword matching
alner.id,https://alner.id,none_found,NOT STATED,NOT STATED,False,NOT STATED,NOT STATED,Extracted via curl + keyword matching
alphacast.io,https://alphacast.io,none_found,NOT STATED,NOT STATED,False,NOT STATED,NOT STATED,Extracted via curl + keyword matching
altura.io,https://altura.io,none_found,NOT STATED,NOT STATED,False,NOT STATED,NOT STATED,Extracted via curl + keyword matching
ambition.com,https://ambition.com,none_found,NOT STATED,NOT STATED,False,NOT STATED,NOT STATED,Extracted via curl + keyword matching
amcouncil.com.au,https://amcouncil.com.au,none_found,NOT STATED,NOT STATED,False,NOT STATED,NOT STATED,Extracted via curl + keyword matching
amp.ai,https://amp.ai,none_found,NOT STATED,NOT STATED,False,NOT STATED,NOT STATED,Extracted via curl + keyword matching
anakin.io,https://anakin.io,none_found,NOT STATED,NOT STATED,False,NOT STATED,NOT STATED,Extracted via curl + keyword matching
announcekit.app,https://announcekit.app,none_found,NOT STATED,NOT STATED,False,NOT STATED,NOT STATED,Extracted via curl + keyword matching
apanshin.ru,https://apanshin.ru,none_found,NOT STATED,NOT STATED,False,NOT STATED,NOT STATED,Extracted via curl + keyword matching
appbooster.com,https://appbooster.com,none_found,NOT STATED,NOT STATED,False,NOT STATED,NOT STATED,Extracted via curl + keyword matching
appfolio.com,https://appfolio.com,none_found,NOT STATED,NOT STATED,False,NOT STATED,NOT STATED,Extracted via curl + keyword matching
appworkco.com,https://appworkco.com,none_found,NOT STATED,NOT STATED,False,NOT STATED,NOT STATED,Extracted via curl + keyword matching
aption.com,https://aption.com,none_found,NOT STATED,NOT STATED,False,NOT STATED,NOT STATED,Extracted via curl + keyword matching
apu.edu,https://apu.edu,none_found,NOT STATED,NOT STATED,False,NOT STATED,NOT STATED,Extracted via curl + keyword matching
voromotors.com,https://voromotors.com,none_found,NOT STATED,NOT STATED,False,NOT STATED,NOT STATED,Extracted via curl + keyword matching
vsslagency.com,https://vsslagency.com,none_found,NOT STATED,NOT STATED,False,NOT STATED,NOT STATED,Extracted via curl + keyword matching
vyrian.com,https://vyrian.com,none_found,NOT STATED,NOT STATED,False,NOT STATED,NOT STATED,Extracted via curl + keyword matching
waitry.net,https://waitry.net,none_found,NOT STATED,NOT STATED,False,NOT STATED,NOT STATED,Extracted via curl + keyword matching
wandify.io,https://wandify.io,none_found,NOT STATED,NOT STATED,False,NOT STATED,NOT STATED,Error: 'utf-8' codec can't decode byte 0x8b in position 1: invalid start byte
wearegenial.com,https://wearegenial.com,none_found,NOT STATED,NOT STATED,False,NOT STATED,NOT STATED,Extracted via curl + keyword matching
wecapital.com.br,https://wecapital.com.br,none_found,NOT STATED,NOT STATED,False,NOT STATED,NOT STATED,Extracted via curl + keyword matching
weglot.com,https://weglot.com,none_found,NOT STATED,NOT STATED,False,NOT STATED,NOT STATED,Extracted via curl + keyword matching
wellsite.com,https://wellsite.com,none_found,NOT STATED,NOT STATED,False,NOT STATED,NOT STATED,Extracted via curl + keyword matching
wicom.asia,https://wicom.asia,none_found,NOT STATED,NOT STATED,False,NOT STATED,NOT STATED,Extracted via curl + keyword matching
withforerunner.com,https://withforerunner.com,none_found,NOT STATED,NOT STATED,False,NOT STATED,NOT STATED,Extracted via curl + keyword matching
withjuly.com,https://withjuly.com,none_found,NOT STATED,NOT STATED,False,NOT STATED,NOT STATED,Extracted via curl + keyword matching
withvayu.com,https://withvayu.com,none_found,NOT STATED,NOT STATED,False,NOT STATED,NOT STATED,Extracted via curl + keyword matching
wope.com,https://wope.com,none_found,NOT STATED,NOT STATED,False,NOT STATED,NOT STATED,Extracted via curl + keyword matching
workerbee.ai,https://workerbee.ai,none_found,NOT STATED,NOT STATED,False,NOT STATED,NOT STATED,Extracted via curl + keyword matching
workos.com,https://workos.com,none_found,NOT STATED,NOT STATED,False,NOT STATED,NOT STATED,Extracted via curl + keyword matching
worksmobile.com,https://worksmobile.com,none_found,NOT STATED,NOT STATED,False,NOT STATED,NOT STATED,Extracted via curl + keyword matching
worldsys.io,https://worldsys.io,none_found,NOT STATED,NOT STATED,False,NOT STATED,NOT STATED,Extracted via curl + keyword matching
wovenmedia.com,https://wovenmedia.com,none_found,NOT STATED,NOT STATED,False,NOT STATED,NOT STATED,Extracted via curl + keyword matching
wtax.co,https://wtax.co,none_found,NOT STATED,NOT STATED,False,NOT STATED,NOT STATED,Error: 'utf-8' codec can't decode byte 0x8b in position 1: invalid start byte
wubble.ai,https://wubble.ai,none_found,NOT STATED,NOT STATED,False,NOT STATED,NOT STATED,Extracted via curl + keyword matching
xano.com,https://xano.com,none_found,NOT STATED,NOT STATED,False,NOT STATED,NOT STATED,Extracted via curl + keyword matching
yocabe.com,https://yocabe.com,none_found,NOT STATED,NOT STATED,False,NOT STATED,NOT STATED,Extracted via curl + keyword matching
yoco.com,https://yoco.com,none_found,NOT STATED,NOT STATED,False,NOT STATED,NOT STATED,Extracted via curl + keyword matching
yummysuperapp.com,https://yummysuperapp.com,none_found,NOT STATED,NOT STATED,False,NOT STATED,NOT STATED,Extracted via curl + keyword matching
zamilac.com,https://zamilac.com,none_found,NOT STATED,NOT STATED,False,NOT STATED,NOT STATED,Extracted via curl + keyword matching
zime.ai,https://zime.ai,none_found,NOT STATED,NOT STATED,False,NOT STATED,NOT STATED,Extracted via curl + keyword matching
zyft.com,https://zyft.com,none_found,NOT STATED,NOT STATED,False,NOT STATED,NOT STATED,Extracted via curl + keyword matching
arcads.ai,https://arcads.ai,none_found,NOT STATED,NOT STATED,False,NOT STATED,NOT STATED,Extracted via curl + keyword matching
arcate.io,https://arcate.io,none_found,NOT STATED,NOT STATED,False,NOT STATED,NOT STATED,Extracted via curl + keyword matching
arch2order.com,https://arch2order.com,none_found,NOT STATED,NOT STATED,False,NOT STATED,NOT STATED,Extracted via curl + keyword matching
ardoq.com,https://ardoq.com,none_found,NOT STATED,NOT STATED,False,NOT STATED,NOT STATED,Extracted via curl + keyword matching
arkoselabs.com,https://arkoselabs.com,none_found,NOT STATED,NOT STATED,False,NOT STATED,NOT STATED,Extracted via curl + keyword matching
askattest.com,https://askattest.com,none_found,NOT STATED,NOT STATED,False,NOT STATED,NOT STATED,Extracted via curl + keyword matching
asora.com,https://asora.com,none_found,NOT STATED,NOT STATED,False,NOT STATED,NOT STATED,Extracted via curl + keyword matching
assetlab.ca,https://assetlab.ca,none_found,NOT STATED,NOT STATED,False,NOT STATED,NOT STATED,Extracted via curl + keyword matching
atgfw.com,https://atgfw.com,none_found,NOT STATED,NOT STATED,False,NOT STATED,NOT STATED,Extracted via curl + keyword matching
autocio.com,https://autocio.com,none_found,NOT STATED,NOT STATED,False,NOT STATED,NOT STATED,Extracted via curl + keyword matching
autods.com,https://autods.com,none_found,NOT STATED,NOT STATED,False,NOT STATED,NOT STATED,Extracted via curl + keyword matching
axi.com,https://axi.com,none_found,NOT STATED,NOT STATED,False,NOT STATED,NOT STATED,Extracted via curl + keyword matching
b2.solutions,https://b2.solutions,none_found,NOT STATED,NOT STATED,False,NOT STATED,NOT STATED,Extracted via curl + keyword matching
b4a.ai,https://b4a.ai,none_found,NOT STATED,NOT STATED,False,NOT STATED,NOT STATED,Extracted via curl + keyword matching
bacto.bio,https://bacto.bio,none_found,NOT STATED,NOT STATED,False,NOT STATED,NOT STATED,Extracted via curl + keyword matching
banffadvisors.com,https://banffadvisors.com,none_found,NOT STATED,NOT STATED,False,NOT STATED,NOT STATED,Extracted via curl + keyword matching
batchdata.com,https://batchdata.com,none_found,NOT STATED,NOT STATED,False,NOT STATED,NOT STATED,Extracted via curl + keyword matching
bedthreads.com.au,https://bedthreads.com.au,none_found,NOT STATED,NOT STATED,False,NOT STATED,NOT STATED,Extracted via curl + keyword matching
belform.de,https://belform.de,none_found,NOT STATED,NOT STATED,False,NOT STATED,NOT STATED,Extracted via curl + keyword matching
bhhc.com,https://bhhc.com,none_found,NOT STATED,NOT STATED,False,NOT STATED,NOT STATED,Extracted via curl + keyword matching
billclap.com,https://billclap.com,none_found,NOT STATED,NOT STATED,False,NOT STATED,NOT STATED,Extracted via curl + keyword matching
billionverify.com,https://billionverify.com,none_found,NOT STATED,NOT STATED,False,NOT STATED,NOT STATED,Extracted via curl + keyword matching
biobureau.com.br,https://biobureau.com.br,none_found,NOT STATED,NOT STATED,False,NOT STATED,NOT STATED,Extracted via curl + keyword matching
blast.security,https://blast.security,none_found,NOT STATED,NOT STATED,False,NOT STATED,NOT STATED,Extracted via curl + keyword matching
blindpay.com,https://blindpay.com,none_found,NOT STATED,NOT STATED,False,NOT STATED,NOT STATED,Extracted via curl + keyword matching
blinq.me,https://blinq.me,responsible_disclosure_only,NOT STATED,NOT STATED,False,NOT STATED,NOT STATED,Extracted via curl + keyword matching
blockchain0x.com,https://blockchain0x.com,public_program,HackerOne,security@blockchain0x.com,False,NOT STATED,NOT STATED,Extracted via curl + keyword matching
blueshoe.com,https://blueshoe.com,none_found,NOT STATED,NOT STATED,False,NOT STATED,NOT STATED,Extracted via curl + keyword matching
bmsgroup.com.br,https://bmsgroup.com.br,none_found,NOT STATED,NOT STATED,False,NOT STATED,NOT STATED,Extracted via curl + keyword matching
bold.security,https://bold.security,none_found,NOT STATED,NOT STATED,False,NOT STATED,NOT STATED,Extracted via curl + keyword matching
boltz.bio,https://boltz.bio,none_found,NOT STATED,NOT STATED,False,NOT STATED,NOT STATED,Extracted via curl + keyword matching
bradsdeals.com,https://bradsdeals.com,none_found,NOT STATED,NOT STATED,False,NOT STATED,NOT STATED,Extracted via curl + keyword matching
brain.fi,https://brain.fi,none_found,NOT STATED,NOT STATED,False,NOT STATED,NOT STATED,Extracted via curl + keyword matching
brighttangerine.com,https://brighttangerine.com,none_found,NOT STATED,NOT STATED,False,NOT STATED,NOT STATED,Extracted via curl + keyword matching
bsteuern.com,https://bsteuern.com,none_found,NOT STATED,NOT STATED,False,NOT STATED,NOT STATED,Extracted via curl + keyword matching
buddy.works,https://buddy.works,responsible_disclosure_only,NOT STATED,NOT STATED,False,NOT STATED,NOT STATED,Extracted via curl + keyword matching
buildwithtrace.com,https://buildwithtrace.com,none_found,NOT STATED,NOT STATED,False,NOT STATED,NOT STATED,Extracted via curl + keyword matching
bundledocs.com,https://bundledocs.com,none_found,NOT STATED,NOT STATED,False,NOT STATED,NOT STATED,Extracted via curl + keyword matching
burbio.com,https://burbio.com,none_found,NOT STATED,NOT STATED,False,NOT STATED,NOT STATED,Extracted via curl + keyword matching
buymeacoffee.com,https://buymeacoffee.com,none_found,NOT STATED,NOT STATED,False,NOT STATED,NOT STATED,Extracted via curl + keyword matching
bythen.ai,https://bythen.ai,none_found,NOT STATED,NOT STATED,False,NOT STATED,NOT STATED,Extracted via curl + keyword matching
callgrid.com,https://callgrid.com,none_found,NOT STATED,NOT STATED,False,NOT STATED,NOT STATED,Extracted via curl + keyword matching
canix.com,https://canix.com,none_found,NOT STATED,NOT STATED,False,NOT STATED,NOT STATED,Extracted via curl + keyword matching
capcade.com,https://capcade.com,none_found,NOT STATED,NOT STATED,False,NOT STATED,NOT STATED,Extracted via curl + keyword matching
capta.co,https://capta.co,none_found,NOT STATED,NOT STATED,False,NOT STATED,NOT STATED,Extracted via curl + keyword matching
causematch.com,https://causematch.com,none_found,NOT STATED,NOT STATED,False,NOT STATED,NOT STATED,Extracted via curl + keyword matching
ccmchase.com,https://ccmchase.com,none_found,NOT STATED,NOT STATED,False,NOT STATED,NOT STATED,Extracted via curl + keyword matching
cdsgroupe.com,https://cdsgroupe.com,none_found,NOT STATED,NOT STATED,False,NOT STATED,NOT STATED,Extracted via curl + keyword matching
cfstinson.com,https://cfstinson.com,none_found,NOT STATED,NOT STATED,False,NOT STATED,NOT STATED,Extracted via curl + keyword matching
chargeback.io,https://chargeback.io,none_found,NOT STATED,NOT STATED,False,NOT STATED,NOT STATED,Extracted via curl + keyword matching
charthop.com,https://charthop.com,none_found,NOT STATED,NOT STATED,False,NOT STATED,NOT STATED,Extracted via curl + keyword matching
checkout.com,https://checkout.com,responsible_disclosure_only,NOT STATED,NOT STATED,False,NOT STATED,NOT STATED,Extracted via curl + keyword matching
chidoanh.com,https://chidoanh.com,none_found,NOT STATED,NOT STATED,False,NOT STATED,NOT STATED,Extracted via curl + keyword matching
chroniclehq.com,https://chroniclehq.com,none_found,NOT STATED,NOT STATED,False,NOT STATED,NOT STATED,Extracted via curl + keyword matching
chyeon.com,https://chyeon.com,none_found,NOT STATED,NOT STATED,False,NOT STATED,NOT STATED,Extracted via curl + keyword matching
circuitry.ai,https://circuitry.ai,none_found,NOT STATED,NOT STATED,False,NOT STATED,NOT STATED,Extracted via curl + keyword matching
citsolutions.net,https://citsolutions.net,none_found,NOT STATED,NOT STATED,False,NOT STATED,NOT STATED,Extracted via curl + keyword matching
civicmarketplace.com,https://civicmarketplace.com,none_found,NOT STATED,NOT STATED,False,NOT STATED,NOT STATED,Extracted via curl + keyword matching
cixon.de,https://cixon.de,none_found,NOT STATED,NOT STATED,False,NOT STATED,NOT STATED,Extracted via curl + keyword matching
classfit.com,https://classfit.com,none_found,NOT STATED,NOT STATED,False,NOT STATED,NOT STATED,Extracted via curl + keyword matching
clearesult.com,https://clearesult.com,none_found,NOT STATED,NOT STATED,False,NOT STATED,NOT STATED,Extracted via curl + keyword matching
clearpointstrategy.com,https://clearpointstrategy.com,none_found,NOT STATED,NOT STATED,False,NOT STATED,NOT STATED,Extracted via curl + keyword matching
clouddrove.com,https://clouddrove.com,none_found,NOT STATED,NOT STATED,False,NOT STATED,NOT STATED,Extracted via curl + keyword matching
cloverly.com,https://cloverly.com,none_found,NOT STATED,NOT STATED,False,NOT STATED,NOT STATED,Extracted via curl + keyword matching
cobratate.com,https://cobratate.com,none_found,NOT STATED,NOT STATED,False,NOT STATED,NOT STATED,Extracted via curl + keyword matching
cognifit.com,https://cognifit.com,none_found,NOT STATED,NOT STATED,False,NOT STATED,NOT STATED,Extracted via curl + keyword matching
collection.com.br,https://collection.com.br,none_found,NOT STATED,NOT STATED,False,NOT STATED,NOT STATED,Extracted via curl + keyword matching
commoninja.com,https://commoninja.com,none_found,NOT STATED,NOT STATED,False,NOT STATED,NOT STATED,Extracted via curl + keyword matching
compelling.ai,https://compelling.ai,none_found,NOT STATED,NOT STATED,False,NOT STATED,NOT STATED,Extracted via curl + keyword matching
comundo.io,https://comundo.io,none_found,NOT STATED,NOT STATED,False,NOT STATED,NOT STATED,Extracted via curl + keyword matching
contraktor.com.br,https://contraktor.com.br,none_found,NOT STATED,NOT STATED,False,NOT STATED,NOT STATED,Extracted via curl + keyword matching
conversion.com.br,https://conversion.com.br,none_found,NOT STATED,NOT STATED,False,NOT STATED,NOT STATED,Extracted via curl + keyword matching
copera.ai,https://copera.ai,none_found,NOT STATED,NOT STATED,False,NOT STATED,NOT STATED,Extracted via curl + keyword matching
copilot.tax,https://copilot.tax,none_found,NOT STATED,NOT STATED,False,NOT STATED,NOT STATED,Extracted via curl + keyword matching
coraly.ai,https://coraly.ai,none_found,NOT STATED,NOT STATED,False,NOT STATED,NOT STATED,Extracted via curl + keyword matching
coram.ai,https://coram.ai,none_found,NOT STATED,NOT STATED,False,NOT STATED,NOT STATED,Extracted via curl + keyword matching
corvera.ai,https://corvera.ai,none_found,NOT STATED,NOT STATED,False,NOT STATED,NOT STATED,Extracted via curl + keyword matching
covel.cl,https://covel.cl,none_found,NOT STATED,NOT STATED,False,NOT STATED,NOT STATED,Extracted via curl + keyword matching
cpfcnpj.com.br,https://cpfcnpj.com.br,none_found,NOT STATED,NOT STATED,False,NOT STATED,NOT STATED,Extracted via curl + keyword matching
cravit.nl,https://cravit.nl,none_found,NOT STATED,NOT STATED,False,NOT STATED,NOT STATED,Extracted via curl + keyword matching
creatio.ch,https://creatio.ch,none_found,NOT STATED,NOT STATED,False,NOT STATED,NOT STATED,Extracted via curl + keyword matching
creatorland.com,https://creatorland.com,none_found,NOT STATED,NOT STATED,False,NOT STATED,NOT STATED,Extracted via curl + keyword matching
criterionrsch.com,https://criterionrsch.com,none_found,NOT STATED,NOT STATED,False,NOT STATED,NOT STATED,Extracted via curl + keyword matching
cuebiq.com,https://cuebiq.com,none_found,NOT STATED,NOT STATED,False,NOT STATED,NOT STATED,Extracted via curl + keyword matching
cuttable.com,https://cuttable.com,none_found,NOT STATED,NOT STATED,False,NOT STATED,NOT STATED,Extracted via curl + keyword matching
cyberarmorsystems.com,https://cyberarmorsystems.com,none_found,NOT STATED,NOT STATED,False,NOT STATED,NOT STATED,Extracted via curl + keyword matching
cybermindr.com,https://cybermindr.com,none_found,NOT STATED,NOT STATED,False,NOT STATED,NOT STATED,Extracted via curl + keyword matching
dabbel.eu,https://dabbel.eu,none_found,NOT STATED,NOT STATED,False,NOT STATED,NOT STATED,Extracted via curl + keyword matching
danielatombini.com.br,https://danielatombini.com.br,none_found,NOT STATED,NOT STATED,False,NOT STATED,NOT STATED,Extracted via curl + keyword matching
databend.com,https://databend.com,none_found,NOT STATED,NOT STATED,False,NOT STATED,NOT STATED,Extracted via curl + keyword matching
datalastic.com,https://datalastic.com,none_found,NOT STATED,NOT STATED,False,NOT STATED,NOT STATED,Extracted via curl + keyword matching
deako.com,https://deako.com,none_found,NOT STATED,NOT STATED,False,NOT STATED,NOT STATED,Extracted via curl + keyword matching
dealground.com,https://dealground.com,none_found,NOT STATED,NOT STATED,False,NOT STATED,NOT STATED,Extracted via curl + keyword matching
deconcern.nl,https://deconcern.nl,none_found,NOT STATED,NOT STATED,False,NOT STATED,NOT STATED,Extracted via curl + keyword matching
default.com,https://default.com,none_found,NOT STATED,NOT STATED,False,NOT STATED,NOT STATED,Extracted via curl + keyword matching
defillama.com,https://defillama.com,none_found,NOT STATED,NOT STATED,False,NOT STATED,NOT STATED,Extracted via curl + keyword matching
deltaforge.tech,https://deltaforge.tech,none_found,NOT STATED,NOT STATED,False,NOT STATED,NOT STATED,Extracted via curl + keyword matching
dfactory.pro,https://dfactory.pro,none_found,NOT STATED,NOT STATED,False,NOT STATED,NOT STATED,Extracted via curl + keyword matching
dhtech.com,https://dhtech.com,none_found,NOT STATED,NOT STATED,False,NOT STATED,NOT STATED,Extracted via curl + keyword matching
didit.me,https://didit.me,none_found,NOT STATED,NOT STATED,False,NOT STATED,NOT STATED,Extracted via curl + keyword matching
digiteka.com,https://digiteka.com,none_found,NOT STATED,NOT STATED,False,NOT STATED,NOT STATED,Extracted via curl + keyword matching
dimuto.io,https://dimuto.io,none_found,NOT STATED,NOT STATED,False,NOT STATED,NOT STATED,Extracted via curl + keyword matching
dnsolutions.com,https://dnsolutions.com,none_found,NOT STATED,NOT STATED,False,NOT STATED,NOT STATED,Extracted via curl + keyword matching
docue.com,https://docue.com,none_found,NOT STATED,NOT STATED,False,NOT STATED,NOT STATED,Extracted via curl + keyword matching
dowgo.com,https://dowgo.com,none_found,NOT STATED,NOT STATED,False,NOT STATED,NOT STATED,Extracted via curl + keyword matching
dreambound.com,https://dreambound.com,none_found,NOT STATED,NOT STATED,False,NOT STATED,NOT STATED,Extracted via curl + keyword matching
dreamsetgo.com,https://dreamsetgo.com,none_found,NOT STATED,NOT STATED,False,NOT STATED,NOT STATED,Extracted via curl + keyword matching
dripshop.live,https://dripshop.live,none_found,NOT STATED,NOT STATED,False,NOT STATED,NOT STATED,Extracted via curl + keyword matching
drivepoint.ai,https://drivepoint.ai,none_found,NOT STATED,NOT STATED,False,NOT STATED,NOT STATED,Extracted via curl + keyword matching
drmgroup.com,https://drmgroup.com,none_found,NOT STATED,NOT STATED,False,NOT STATED,NOT STATED,Extracted via curl + keyword matching
dropi.co,https://dropi.co,none_found,NOT STATED,NOT STATED,False,NOT STATED,NOT STATED,Extracted via curl + keyword matching
dumfriesva.gov,https://dumfriesva.gov,none_found,NOT STATED,NOT STATED,False,NOT STATED,NOT STATED,Extracted via curl + keyword matching
dutyfreedynamics.com,https://dutyfreedynamics.com,none_found,NOT STATED,NOT STATED,False,NOT STATED,NOT STATED,Extracted via curl + keyword matching
ebhoom.com,https://ebhoom.com,none_found,NOT STATED,NOT STATED,False,NOT STATED,NOT STATED,Extracted via curl + keyword matching
ebu.ch,https://ebu.ch,none_found,NOT STATED,NOT STATED,False,NOT STATED,NOT STATED,Extracted via curl + keyword matching
edrone.me,https://edrone.me,none_found,NOT STATED,NOT STATED,False,NOT STATED,NOT STATED,Extracted via curl + keyword matching
efuneral.com,https://efuneral.com,none_found,NOT STATED,NOT STATED,False,NOT STATED,NOT STATED,Extracted via curl + keyword matching
eightx.co,https://eightx.co,none_found,NOT STATED,NOT STATED,False,NOT STATED,NOT STATED,Extracted via curl + keyword matching
elements.tv,https://elements.tv,none_found,NOT STATED,NOT STATED,False,NOT STATED,NOT STATED,Extracted via curl + keyword matching
elevatusit.com,https://elevatusit.com,none_found,NOT STATED,NOT STATED,False,NOT STATED,NOT STATED,Extracted via curl + keyword matching
emaillove.com,https://emaillove.com,none_found,NOT STATED,NOT STATED,False,NOT STATED,NOT STATED,Extracted via curl + keyword matching
emergent.sh,https://emergent.sh,none_found,NOT STATED,NOT STATED,False,NOT STATED,NOT STATED,Extracted via curl + keyword matching
empowerbh.com,https://empowerbh.com,none_found,NOT STATED,NOT STATED,False,NOT STATED,NOT STATED,Extracted via curl + keyword matching
encord.com,https://encord.com,none_found,NOT STATED,NOT STATED,False,NOT STATED,NOT STATED,Extracted via curl + keyword matching
enpass.io,https://enpass.io,none_found,NOT STATED,NOT STATED,False,NOT STATED,NOT STATED,Extracted via curl + keyword matching
erpswiss.com,https://erpswiss.com,none_found,NOT STATED,NOT STATED,False,NOT STATED,NOT STATED,Extracted via curl + keyword matching
esub.com,https://esub.com,none_found,NOT STATED,NOT STATED,False,NOT STATED,NOT STATED,Extracted via curl + keyword matching
eventora.com,https://eventora.com,none_found,NOT STATED,NOT STATED,False,NOT STATED,NOT STATED,Extracted via curl + keyword matching
eventrise.com,https://eventrise.com,none_found,NOT STATED,NOT STATED,False,NOT STATED,NOT STATED,Extracted via curl + keyword matching
eveoy.com,https://eveoy.com,none_found,NOT STATED,NOT STATED,False,NOT STATED,NOT STATED,Extracted via curl + keyword matching
everstage.com,https://everstage.com,none_found,NOT STATED,NOT STATED,False,NOT STATED,NOT STATED,Extracted via curl + keyword matching
evoluaenergia.com.br,https://evoluaenergia.com.br,none_found,NOT STATED,NOT STATED,False,NOT STATED,NOT STATED,Extracted via curl + keyword matching
exa22.com,https://exa22.com,none_found,NOT STATED,NOT STATED,False,NOT STATED,NOT STATED,Extracted via curl + keyword matching
expedite.now,https://expedite.now,none_found,NOT STATED,NOT STATED,False,NOT STATED,NOT STATED,Extracted via curl + keyword matching
expertpartners.com,https://expertpartners.com,none_found,NOT STATED,NOT STATED,False,NOT STATED,NOT STATED,Extracted via curl + keyword matching
extole.com,https://extole.com,none_found,NOT STATED,NOT STATED,False,NOT STATED,NOT STATED,Extracted via curl + keyword matching
eyequant.com,https://eyequant.com,none_found,NOT STATED,NOT STATED,False,NOT STATED,NOT STATED,Extracted via curl + keyword matching
ezeep.com,https://ezeep.com,none_found,NOT STATED,NOT STATED,False,NOT STATED,NOT STATED,Extracted via curl + keyword matching
factors.ai,https://factors.ai,none_found,NOT STATED,NOT STATED,False,NOT STATED,NOT STATED,Extracted via curl + keyword matching
factum.law,https://factum.law,security_contact_only,NOT STATED,NOT STATED,False,NOT STATED,NOT STATED,Extracted via curl + keyword matching
