domain|email|email_type|security_program|security_rewards
1fit.app|support@1fit.app|support|none|NOT STATED
abda.ai|info@abda.ai|info|none|NOT STATED
abenex.com|contact@abenex.com|contact|none|NOT STATED
act.security|info@act.security|info|none|NOT STATED
actioneer.com|connect@actioneer.com|connect|none|NOT STATED
addcomposites.com|info@addcomposites.com|info|none|NOT STATED
adenasoft.com|info@adenasoft.com|info|none|NOT STATED
adgeeks.ge|info@adgeeks.ge|info|none|NOT STATED
admiral.digital|hello@admiral.digital|hello|none|NOT STATED
adntro.com|hello@adntro.com|hello|none|NOT STATED
airmason.com|hello@airmason.com|hello|none|NOT STATED
allphins.com|contact@allphins.com|contact|none|NOT STATED
allsolutions.nl|info@allsolutions.nl|info|none|NOT STATED
altura.io|info@altura.io|info|none|NOT STATED
amcouncil.com.au|info@amcouncil.com.au|info|none|NOT STATED
amp.ai|support@amp.ai|support|none|NOT STATED
announcekit.app|support@announcekit.app|support|none|NOT STATED
appbooster.com|hello@appbooster.com|hello|none|NOT STATED
appworkco.com|support@appworkco.com|support|none|NOT STATED
aption.com|contact@aption.com|contact|none|NOT STATED
arch2order.com|hello@arch2order.com|hello|none|NOT STATED
asora.com|info@asora.com|info|none|NOT STATED
assetlab.ca|contact@assetlab.ca|contact|none|NOT STATED
atgfw.com|info@atgfw.com|info|none|NOT STATED
axi.com|success@axi.com|success|none|NOT STATED
bacto.bio|info@bacto.bio|info|none|NOT STATED
banffadvisors.com|contact@banffadvisors.com|contact|none|NOT STATED
bedthreads.com.au|hello@bedthreads.com.au|hello|none|NOT STATED
belform.de|info@belform.de|info|none|NOT STATED
billclap.com|support@billclap.com|support|none|NOT STATED
billionverify.com|support@billionverify.com|support|none|NOT STATED
blast.security|careers@blast.security|careers|none|NOT STATED
blueshoe.com|support@blueshoe.com|support|none|NOT STATED
bsteuern.com|info@stbk-berlin.de|info|none|NOT STATED
buildwithtrace.com|hello@buildwithtrace.com|hello|none|NOT STATED
bundledocs.com|support@bundledocs.com|support|none|NOT STATED
buymeacoffee.com|support@buymeacoffee.com|support|none|NOT STATED
capta.co|info@capta.co|info|none|NOT STATED
causematch.com|support@causematch.com|support|none|NOT STATED
cfstinson.com|customerservice@anzea.com|customerservice|none|NOT STATED
charthop.com|support@charthop.com|support|none|NOT STATED
chidoanh.com|info@chidoanh.com|info|none|NOT STATED
chyeon.com|contact@chyeon.com|contact|none|NOT STATED
citsolutions.net|support@citsolutions.net|support|none|NOT STATED
clearpointstrategy.com|info@clearpointstrategy.com|info|none|NOT STATED
clouddrove.com|hello@clouddrove.com|hello|none|NOT STATED
cloverly.com|support@cloverly.com|support|none|NOT STATED
compelling.ai|support@compelling.ai|support|none|NOT STATED
comundo.io|support@comundo.io|support|none|NOT STATED
coraly.ai|support@coraly.ai|support|none|NOT STATED
covel.cl|contacto@covel.cl|contacto|none|NOT STATED
creatio.ch|info@creatio.ch|info|none|NOT STATED
creatorland.com|support@creatorland.com|support|none|NOT STATED
cuttable.com|support@cuttable.com|support|none|NOT STATED
cybermindr.com|info@cybermindr.com|info|none|NOT STATED
dabbel.eu|info@dabbel.eu|info|none|NOT STATED
datalastic.com|support@datalastic.com|support|none|NOT STATED
deako.com|support@deako.com|support|none|NOT STATED
dealground.com|info@dealground.com|info|none|NOT STATED
deconcern.nl|info@deconcern.nl|info|none|NOT STATED
defillama.com|support@defillama.com|support|none|NOT STATED
deltaforge.tech|contactus@deltaforge.tech|contactus|none|NOT STATED
dhtech.com|info@mysite.com|info|none|NOT STATED
didit.me|hello@didit.me|hello|none|NOT STATED
digiteka.com|info@digiteka.com|info|none|NOT STATED
dnsolutions.com|support@dnsolutions.com|support|none|NOT STATED
docue.com|support@docue.com|support|none|NOT STATED
dowgo.com|contact@dowgo.com|contact|none|NOT STATED
dreamsetgo.com|contactus@dreamsetgo.com|contactus|none|NOT STATED
drivepoint.ai|info@drivepoint.io|info|none|NOT STATED
drmgroup.com|info-cn@drmgroup.com|info-cn|none|NOT STATED
ebhoom.com|info@ebhoom.com|info|none|NOT STATED
edrone.me|hello@edrone.me|hello|none|NOT STATED
efuneral.com|help@efuneral.com|help|none|NOT STATED
eightx.co|contact@eightx.co|contact|none|NOT STATED
elements.tv|info@elements.tv|info|none|NOT STATED
emergent.sh|support@emergent.sh|support|none|NOT STATED
empowerbh.com|info@empowerbh.com|info|none|NOT STATED
erpswiss.com|info@erpswiss.com|info|none|NOT STATED
esub.com|contact@esub.com|contact|none|NOT STATED
eventora.com|support@eventora.com|support|none|NOT STATED
eventrise.com|support@eventrise.com|support|none|NOT STATED
eveoy.com|support@eveoy.com|support|none|NOT STATED
everstage.com|support@everstage.com|support|none|NOT STATED
exa22.com|support@exa22.com|support|none|NOT STATED
expedite.now|support@expedite.now|support|none|NOT STATED
extole.com|support@extole.com|support|none|NOT STATED
ezeep.com|info@thinprint.com|info|none|NOT STATED
finaloop.com|support@finaloop.com|support|none|NOT STATED
finbaze.com|info@finbaze.com|info|none|NOT STATED
firecrawl.dev|help@firecrawl.com|help|none|NOT STATED
flagsmith.com|info@flagsmith.com|info|none|NOT STATED
flair.co|support@flair.co|support|none|NOT STATED
flameanalytics.com|hello@flameanalytics.com|hello|none|NOT STATED
floqer.com|hello@floqer.com|hello|none|NOT STATED
flowaccount.com|support@flowaccount.com|support|none|NOT STATED
folloze.com|support@folloze.com|support|none|NOT STATED
formedideas.com|support@formedideas.com|support|none|NOT STATED
foundernest.com|customersuccess@foundernest.com|customersuccess|none|NOT STATED
fullcodemedical.com|support@fullcodemedical.com|support|none|NOT STATED
fundin.ai|info@fundin.ai|info|none|NOT STATED
fusionspan.com|info@fusionSpan.com|info|none|NOT STATED
genvid.com|support@genvid.com|support|none|NOT STATED
getaccept.com|support@getaccept.com|support|none|NOT STATED
getbuddi.ai|hello@getbuddi.ai|hello|none|NOT STATED
getnylo.com|contact@getnylo.com|contact|none|NOT STATED
gitguardian.com|support@gitguardian.com|support|none|NOT STATED
givebutter.com|support@givebutter.com|support|none|NOT STATED
glam.ai|supportdesktop@glamlabs.app|supportdesktop|none|NOT STATED
gns-cpas.com|info@gns-cpas.com|info|none|NOT STATED
govspend.com|support@govspend.com|support|none|NOT STATED
greenbridge.ai|contact@greenbridge.ai|contact|none|NOT STATED
growth99.com|support@growth99.com|support|none|NOT STATED
helfinch.com|support@helfinch.com|support|none|NOT STATED
hightideinc.com|info@hightideinc.com|info|none|NOT STATED
hirequotient.com|info@hirequotient.com|info|none|NOT STATED
histellar.com|connect@hiStellar.com|connect|none|NOT STATED
honcho.com.au|support@honcho.com|support|none|NOT STATED
humanagement.io|support@humanagement.io|support|none|NOT STATED
hy.digital|hello@hy-digital.com|hello|none|NOT STATED
hyprmx.com|info@hyprmx.com|info|none|NOT STATED
hyre.io|hello@hyre.ai|hello|none|NOT STATED
immocloud.de|support@immocloud.de|support|none|NOT STATED
implisense.com|info@implisense.com|info|none|NOT STATED
impossible.io|hello-eu@impossible.io|hello-eu|none|NOT STATED
incapto.com|hello@incapto.com|hello|none|NOT STATED
industrialinfo.com|info@industrialinfo.eu|info|none|NOT STATED
ingeno.ca|info@ingeno.ca|info|none|NOT STATED
intelas.com|contact@intelas.com|contact|none|NOT STATED
interfacefinancial.com|info@interfacefinancial.com|info|none|NOT STATED
invoicexpress.com|support@invoicexpress.com|support|none|NOT STATED
jordigarcia.es|info@libertas.capital|info|none|NOT STATED
jtkmarketing.com|info@jtkmarketing.com|info|none|NOT STATED
kenai.app|info@kenai.co.za|info|none|NOT STATED
khatoco.com|info@khatoco.vn|info|none|NOT STATED
klealegal.com|info@klealegal.com|info|none|NOT STATED
komodor.com|support@komodor.com|support|none|NOT STATED
korl.co|support@korl.ai|support|none|NOT STATED
leadiq.com|support@leadiq.com|support|none|NOT STATED
leadrat.com|support@leadrat.com|support|none|NOT STATED
leandata.com|contact@leandata.com|contact|none|NOT STATED
ledsone.co.uk|info@ledsone.nl|info|none|NOT STATED
leftbrain.io|help@leftbrain.io|help|none|NOT STATED
lendingspot.net|info@lendingspot.net|info|none|NOT STATED
letstok.com|contact@letstok.com|contact|none|NOT STATED
lettrlabs.com|info@LettrLabs.com|info|none|NOT STATED
lezzoo.com|info@lezzoo.com|info|none|NOT STATED
libris.ro|contact@libris.ro|contact|none|NOT STATED
lifesight.io|support@lifesight.io|support|none|NOT STATED
lightbringer.com|hello@lightbringer.com|hello|none|NOT STATED
linguado.com|support@linguado.com|support|none|NOT STATED
londonserenity.com|careers@londonserenity.com|careers|none|NOT STATED
lotto-niedersachsen.de|info@lotto-niedersachsen.de|info|none|NOT STATED
ls2.io|info@ls2.io|info|none|NOT STATED
luxurypresence.com|hello@luxurypresence.com|hello|none|NOT STATED
mainframe.app|help@mainframe.app|help|none|NOT STATED
makea.co|support@makea.co|support|none|NOT STATED
maple.com|support@maple.com|support|none|NOT STATED
marketingminer.com|info@marketingminer.com|info|none|NOT STATED
marketlogicsoftware.com|info@marketlogicsoftware.com|info|none|NOT STATED
meethero.ai|contact@vivun.com|contact|none|NOT STATED
melius.com|careers@melius.com|careers|none|NOT STATED
mergr.com|support@mergr.com|support|none|NOT STATED
merrittadvisory.com|contactus@merrittadvisory.com|contactus|none|NOT STATED
metergrid.de|info@metergrid.de|info|none|NOT STATED
milenow.com|connect@milenow.com|connect|none|NOT STATED
miracleplus.com|support@miracleplus.com|support|none|NOT STATED
mistywest.com|contact@mistywest.com|contact|none|NOT STATED
modelmatch.com|hello@modelmatch.com|hello|none|NOT STATED
modrek.ai|Info@modrek.ai|info|none|NOT STATED
morepaymentevolution.com|info@morepaymentevolution.com|info|none|NOT STATED
movingimage.my|hello@movingimage.my|hello|none|NOT STATED
mprofit.in|support@mprofit.in|support|none|NOT STATED
mtc.co.uk|info@mtc.co.uk|info|none|NOT STATED
mycma.com|info@mycma.com|info|none|NOT STATED
mynyfy.com|support@mynyfy.com|support|none|NOT STATED
myvert.com|info@vertsports.com|info|none|NOT STATED
nevermisshq.com|career@nevermisshq.com|career|none|NOT STATED
newprojectmedia.com|help@newprojectmedia.com|help|none|NOT STATED
nilehq.com|hello@nilehq.com|hello|none|NOT STATED
nobleblocks.com|info@nobleblocks.com|info|none|NOT STATED
northwestregisteredagent.com|support@northwestregisteredagent.com|support|none|NOT STATED
ohiolegalhelp.org|info@ohiolegalhelp.org|info|none|NOT STATED
onabu.ai|info@onabu.io|info|none|NOT STATED
one.bio|hello@one.bio|hello|none|NOT STATED
onenewone.com|info@onenewone.com|info|none|NOT STATED
openagenda.com|contact@openagenda.com|contact|none|NOT STATED
openart.ai|support@openart.ai|support|none|NOT STATED
opinly.ai|support@opinly.ai|support|none|NOT STATED
orionsleep.com|support@orionsleep.com|support|none|NOT STATED
ottofrei.com|info@ottofrei.com|info|none|NOT STATED
ourritual.com|support@ourritual.com|support|none|NOT STATED
panoramaed.com|support@panoramaed.com|support|none|NOT STATED
pargesoft.com|info@pargesoft.com|info|none|NOT STATED
phylo.bio|contact@phylo.bio|contact|none|NOT STATED
pickndropnepal.com|info@pickndropnepal.com|info|none|NOT STATED
pics.io|support@pics.io|support|none|NOT STATED
pillar.security|support@pillar.security|support|none|NOT STATED
playsuper.ai|business@playsuper.ai|business|none|NOT STATED
poltio.com|support@poltio.com|support|none|NOT STATED
portal26.ai|info@portal26.ai|info|none|NOT STATED
premom.com|support@premom.com|support|none|NOT STATED
privco.com|support@privco.com|support|none|NOT STATED
prodoscore.com|support@prodoscore.com|support|none|NOT STATED
proemion.com|info-dayton@proemion.com|info-dayton|none|NOT STATED
prosal.com|support@prosal.io|support|none|NOT STATED
prosvita.net|support@prosvita.net|support|none|NOT STATED
psyke.co|contact@psyke.co|contact|none|NOT STATED
puzzle.io|support@puzzle.io|support|none|NOT STATED
quattr.com|info@quattr.com|info|none|NOT STATED
rankscale.ai|support@rankscale.ai|support|none|NOT STATED
rapidata.ai|info@rapidata.ai|info|none|NOT STATED
rayda.co|hello@rayda.co|hello|none|NOT STATED
rdash.ai|hello@rdash.io|hello|none|NOT STATED
reactordata.com|support@reactordata.com|support|none|NOT STATED
reallygoodemails.com|support@reallygoodemails.com|support|none|NOT STATED
redonlinemarketing.nl|info@redonlinemarketing.nl|info|none|NOT STATED
resend.com|support@resend.com|support|none|NOT STATED
responsive.dk|info@responsive.dk|info|none|NOT STATED
revalu.io|hello@revalu.io|hello|none|NOT STATED
revenium.ai|support@revenium.io|support|none|NOT STATED
rhombus.com|info@rhombus.com|info|none|NOT STATED
rivelinrobotics.com|info@rivelinrobotics.com|info|none|NOT STATED
rootline.com|support@rootline.com|support|none|NOT STATED
runriviera.com|hello@runriviera.com|hello|none|NOT STATED
saara.io|business@saara.io|business|none|NOT STATED
saasify.ai|support@saasify.ai|support|none|NOT STATED
sagareus.com|careers@sagareus.com|careers|none|NOT STATED
salesmessage.com|support@salesmessage.com|support|none|NOT STATED
scannable.io|support@scannable.io|support|none|NOT STATED
scribe-mail.com|hello@scribe-mail.com|hello|none|NOT STATED
semji.com|contact@semji.com|contact|none|NOT STATED
senuto.com|support@senuto.com|support|none|NOT STATED
serpzilla.com|contacts@serpzilla.com|contacts|none|NOT STATED
soon.works|hello@soon.works|hello|none|NOT STATED
sorellalabs.xyz|contact@sorellalabs.xyz|contact|none|NOT STATED
spaitial.ai|info@spaitial.ai|info|none|NOT STATED
stickybeak.co|support@stickybeak.co|support|none|NOT STATED
stockpilereports.com|support@stockpilereports.com|support|none|NOT STATED
storeconnect.com|info@storeconnect.com|info|none|NOT STATED
superscale.ai|support@superscale.ai|support|none|NOT STATED
svgator.com|contact@svgator.com|contact|none|NOT STATED
swrecovery.com|info@swrecovery.com|info|none|NOT STATED
talentsprout.ai|support@talentsprout.ai|support|none|NOT STATED
taskray.com|support@taskray.com|support|none|NOT STATED
tbobank.com|supportteam@tbobank.com|supportteam|none|NOT STATED
thehog.ai|support@thehog.ai|support|none|NOT STATED
thenightsky.com|help@thenightsky.com|help|none|NOT STATED
thepilot.in|info@thepilot.in|info|none|NOT STATED
threadedmfg.com|support@threadedmfg.com|support|none|NOT STATED
tidewatercap.com|info@tidewatercap.com|info|none|NOT STATED
tokenoftrust.com|support@tokenoftrust.com|support|none|NOT STATED
toss.im|support@toss.im|support|none|NOT STATED
tripclap.com|help@tripclap.com|help|none|NOT STATED
trmlabs.com|contact@trmlabs.com|contact|none|NOT STATED
trysmartbite.com|info@trysmartbite.com|info|none|NOT STATED
trytemelio.com|support@trytemelio.com|support|none|NOT STATED
typedesk.com|support@typedesk.com|support|none|NOT STATED
ukpropertyaccountants.co.uk|contact@ukpa.co.uk|contact|none|NOT STATED
unduit.com|help@unduit.com|help|none|NOT STATED
unidoors.eu|info@unidoors.eu|info|none|NOT STATED
upnova.io|support@upnova.io|support|none|NOT STATED
vaibstudio.com|hello@vaibstudio.com|hello|none|NOT STATED
valenceintel.com|careers@valenceintel.com|careers|none|NOT STATED
validis.com|info@validis.com|info|none|NOT STATED
vanaways.co.uk|careers@vanaways.co.uk|careers|none|NOT STATED
vfp-consulting.com|info@vfp-consulting.com|info|none|NOT STATED
visalaw.ai|support@vislaw.ai|support|none|NOT STATED
vishwa.ai|support@vishwa.ai|support|none|NOT STATED
vocci.ai|support@vocci.ai|support|none|NOT STATED
voromotors.com|support@voromotors.com|support|none|NOT STATED
wellsite.com|support@wellsite.com|support|none|NOT STATED
withforerunner.com|hello@withforerunner.com|hello|none|NOT STATED
withvayu.com|contact@withvayu.com|contact|none|NOT STATED
workos.com|hello@workos.com|hello|none|NOT STATED
xano.com|support@xano.com|support|none|NOT STATED
zime.ai|support@zime.ai|support|none|NOT STATED
zyft.com|info@zyft.com|info|none|NOT STATED
